timestamp,mac_address,auth_status,ap_location
2026-09-07T23:00:00,00:1B:44:11:3A:91,SUCCESS,Admin_Lobby_AP2
2026-09-01T14:00:00,00:1B:44:11:3A:75,SUCCESS,Admin_Lobby_AP2
2026-08-20T19:00:00,00:1B:44:11:3A:99,SUCCESS,Admin_Lobby_AP2
2026-08-24T01:00:00,00:1B:44:11:3A:32,SUCCESS,Admin_Lobby_AP2
2026-09-03T14:00:00,00:1B:44:11:3A:40,SUCCESS,Admin_Lobby_AP2
2026-09-11T12:00:00,00:1B:44:11:3A:10,SUCCESS,Admin_Lobby_AP2
2026-08-09T19:00:00,00:1B:44:11:3A:50,SUCCESS,Admin_Lobby_AP2
2026-08-01T15:00:00,00:1B:44:11:3A:98,SUCCESS,Admin_Lobby_AP2
2026-09-05T12:00:00,00:1B:44:11:3A:41,SUCCESS,Admin_Lobby_AP2
2026-08-25T20:00:00,00:1B:44:11:3A:51,SUCCESS,Admin_Lobby_AP2
2026-08-14T17:00:00,00:1B:44:11:3A:57,SUCCESS,Admin_Lobby_AP2
2026-08-05T23:00:00,00:1B:44:11:3A:75,SUCCESS,Admin_Lobby_AP2
2026-08-29T12:00:00,00:1B:44:11:3A:12,SUCCESS,Admin_Lobby_AP2
2026-08-15T12:00:00,00:1B:44:11:3A:51,SUCCESS,Admin_Lobby_AP2
2026-09-09T03:00:00,00:1B:44:11:3A:28,SUCCESS,Admin_Lobby_AP2
2026-08-13T12:00:00,00:1B:44:11:3A:52,SUCCESS,Admin_Lobby_AP2
2026-09-03T02:00:00,00:1B:44:11:3A:54,SUCCESS,Admin_Lobby_AP2
2026-08-27T00:00:00,00:1B:44:11:3A:24,SUCCESS,Admin_Lobby_AP2
2026-08-11T11:00:00,00:1B:44:11:3A:84,SUCCESS,Admin_Lobby_AP2
2026-09-01T00:00:00,00:1B:44:11:3A:60,SUCCESS,Admin_Lobby_AP2
2026-09-08T22:00:00,00:1B:44:11:3A:27,SUCCESS,Admin_Lobby_AP2
2026-08-29T19:00:00,00:1B:44:11:3A:12,SUCCESS,Admin_Lobby_AP2
2026-08-14T01:00:00,00:1B:44:11:3A:31,SUCCESS,Admin_Lobby_AP2
2026-08-30T03:00:00,00:1B:44:11:3A:98,SUCCESS,Admin_Lobby_AP2
2026-08-01T23:00:00,00:1B:44:11:3A:40,SUCCESS,Admin_Lobby_AP2
2026-08-17T15:00:00,00:1B:44:11:3A:70,SUCCESS,Admin_Lobby_AP2
2026-08-17T00:00:00,00:1B:44:11:3A:10,SUCCESS,Admin_Lobby_AP2
2026-08-19T13:00:00,00:1B:44:11:3A:38,SUCCESS,Admin_Lobby_AP2
2026-08-28T14:00:00,00:1B:44:11:3A:80,SUCCESS,Admin_Lobby_AP2
2026-08-26T04:00:00,00:1B:44:11:3A:54,SUCCESS,Admin_Lobby_AP2
2026-08-20T00:00:00,00:1B:44:11:3A:48,SUCCESS,Admin_Lobby_AP2
2026-08-30T03:00:00,00:1B:44:11:3A:12,SUCCESS,Admin_Lobby_AP2
2026-09-06T14:00:00,00:1B:44:11:3A:32,SUCCESS,Admin_Lobby_AP2
2026-08-19T03:00:00,00:1B:44:11:3A:69,SUCCESS,Admin_Lobby_AP2
2026-09-03T15:00:00,00:1B:44:11:3A:70,SUCCESS,Admin_Lobby_AP2
2026-09-02T03:00:00,00:1B:44:11:3A:84,SUCCESS,Admin_Lobby_AP2
2026-08-21T21:00:00,00:1B:44:11:3A:83,SUCCESS,Admin_Lobby_AP2
2026-08-14T10:00:00,00:1B:44:11:3A:77,SUCCESS,Admin_Lobby_AP2
2026-08-21T03:00:00,00:1B:44:11:3A:94,SUCCESS,Admin_Lobby_AP2
2026-08-11T04:00:00,00:1B:44:11:3A:99,SUCCESS,Admin_Lobby_AP2
2026-08-10T12:00:00,00:1B:44:11:3A:41,SUCCESS,Admin_Lobby_AP2
2026-08-09T02:00:00,00:1B:44:11:3A:99,SUCCESS,Admin_Lobby_AP2
2026-08-26T19:00:00,00:1B:44:11:3A:69,SUCCESS,Admin_Lobby_AP2
2026-09-05T23:00:00,00:1B:44:11:3A:95,SUCCESS,Admin_Lobby_AP2
2026-09-06T05:00:00,00:1B:44:11:3A:26,SUCCESS,Admin_Lobby_AP2
2026-08-01T02:00:00,00:1B:44:11:3A:47,SUCCESS,Admin_Lobby_AP2
2026-08-17T17:00:00,00:1B:44:11:3A:83,SUCCESS,Admin_Lobby_AP2
2026-08-27T03:00:00,00:1B:44:11:3A:30,SUCCESS,Admin_Lobby_AP2
2026-08-31T01:00:00,00:1B:44:11:3A:26,SUCCESS,Admin_Lobby_AP2
2026-08-06T01:00:00,00:1B:44:11:3A:59,SUCCESS,Admin_Lobby_AP2
2026-08-26T15:00:00,00:1B:44:11:3A:19,SUCCESS,Admin_Lobby_AP2
2026-08-16T04:00:00,00:1B:44:11:3A:40,SUCCESS,Admin_Lobby_AP2
2026-08-09T19:00:00,00:1B:44:11:3A:98,SUCCESS,Admin_Lobby_AP2
2026-08-01T23:00:00,00:1B:44:11:3A:50,SUCCESS,Admin_Lobby_AP2
2026-08-29T16:00:00,00:1B:44:11:3A:68,SUCCESS,Admin_Lobby_AP2
2026-08-31T10:00:00,00:1B:44:11:3A:80,SUCCESS,Admin_Lobby_AP2
2026-08-16T11:00:00,00:1B:44:11:3A:44,SUCCESS,Admin_Lobby_AP2
2026-08-20T07:00:00,00:1B:44:11:3A:95,SUCCESS,Admin_Lobby_AP2
2026-09-10T03:00:00,00:1B:44:11:3A:38,SUCCESS,Admin_Lobby_AP2
2026-08-17T06:00:00,00:1B:44:11:3A:18,SUCCESS,Admin_Lobby_AP2
2026-09-10T04:00:00,00:1B:44:11:3A:39,SUCCESS,Admin_Lobby_AP2
2026-08-31T01:00:00,00:1B:44:11:3A:83,SUCCESS,Admin_Lobby_AP2
2026-09-01T15:00:00,00:1B:44:11:3A:92,SUCCESS,Admin_Lobby_AP2
2026-09-07T01:00:00,00:1B:44:11:3A:41,SUCCESS,Admin_Lobby_AP2
2026-09-04T13:00:00,00:1B:44:11:3A:59,SUCCESS,Admin_Lobby_AP2
2026-08-11T09:00:00,00:1B:44:11:3A:55,SUCCESS,Admin_Lobby_AP2
2026-08-17T07:00:00,00:1B:44:11:3A:15,SUCCESS,Admin_Lobby_AP2
2026-09-08T13:00:00,00:1B:44:11:3A:21,SUCCESS,Admin_Lobby_AP2
2026-09-09T18:00:00,00:1B:44:11:3A:99,SUCCESS,Admin_Lobby_AP2
2026-08-04T15:00:00,00:1B:44:11:3A:19,SUCCESS,Admin_Lobby_AP2
2026-08-21T18:00:00,00:1B:44:11:3A:92,SUCCESS,Admin_Lobby_AP2
2026-08-07T00:00:00,00:1B:44:11:3A:96,SUCCESS,Admin_Lobby_AP2
2026-08-31T22:00:00,00:1B:44:11:3A:99,SUCCESS,Admin_Lobby_AP2
2026-09-10T16:00:00,00:1B:44:11:3A:44,SUCCESS,Admin_Lobby_AP2
2026-08-13T17:00:00,00:1B:44:11:3A:38,SUCCESS,Admin_Lobby_AP2
2026-08-08T08:00:00,00:1B:44:11:3A:48,SUCCESS,Admin_Lobby_AP2
2026-08-21T13:00:00,00:1B:44:11:3A:75,SUCCESS,Admin_Lobby_AP2
2026-08-03T16:00:00,00:1B:44:11:3A:76,SUCCESS,Admin_Lobby_AP2
2026-08-29T13:00:00,00:1B:44:11:3A:22,SUCCESS,Admin_Lobby_AP2
2026-08-02T00:00:00,00:1B:44:11:3A:75,SUCCESS,Admin_Lobby_AP2
2026-08-21T00:00:00,00:1B:44:11:3A:15,SUCCESS,Admin_Lobby_AP2
2026-08-15T03:00:00,00:1B:44:11:3A:67,SUCCESS,Admin_Lobby_AP2
2026-09-04T05:00:00,00:1B:44:11:3A:40,SUCCESS,Admin_Lobby_AP2
2026-08-17T13:00:00,00:1B:44:11:3A:43,SUCCESS,Admin_Lobby_AP2
2026-08-23T06:00:00,00:1B:44:11:3A:57,SUCCESS,Admin_Lobby_AP2
2026-08-18T19:00:00,00:1B:44:11:3A:69,SUCCESS,Admin_Lobby_AP2
2026-08-02T17:00:00,00:1B:44:11:3A:70,SUCCESS,Admin_Lobby_AP2
2026-08-31T17:00:00,00:1B:44:11:3A:14,SUCCESS,Admin_Lobby_AP2
2026-09-07T09:00:00,00:1B:44:11:3A:64,SUCCESS,Admin_Lobby_AP2
2026-09-04T06:00:00,00:1B:44:11:3A:56,SUCCESS,Admin_Lobby_AP2
2026-08-17T08:00:00,00:1B:44:11:3A:32,SUCCESS,Admin_Lobby_AP2
2026-08-29T02:00:00,00:1B:44:11:3A:91,SUCCESS,Admin_Lobby_AP2
2026-08-14T09:00:00,00:1B:44:11:3A:38,SUCCESS,Admin_Lobby_AP2
2026-09-06T06:00:00,00:1B:44:11:3A:19,SUCCESS,Admin_Lobby_AP2
2026-08-16T15:00:00,00:1B:44:11:3A:10,SUCCESS,Admin_Lobby_AP2
2026-08-30T18:00:00,00:1B:44:11:3A:99,SUCCESS,Admin_Lobby_AP2
2026-09-06T17:00:00,00:1B:44:11:3A:63,SUCCESS,Admin_Lobby_AP2
2026-08-12T01:00:00,00:1B:44:11:3A:26,SUCCESS,Admin_Lobby_AP2
2026-08-01T03:00:00,00:1B:44:11:3A:12,SUCCESS,Admin_Lobby_AP2
2026-08-04T10:00:00,00:1B:44:11:3A:97,SUCCESS,Admin_Lobby_AP2
2026-08-04T03:00:00,00:1B:44:11:3A:46,SUCCESS,Admin_Lobby_AP2
2026-08-28T13:00:00,00:1B:44:11:3A:15,SUCCESS,Admin_Lobby_AP2
2026-08-01T21:00:00,00:1B:44:11:3A:29,SUCCESS,Admin_Lobby_AP2
2026-08-31T04:00:00,00:1B:44:11:3A:50,SUCCESS,Admin_Lobby_AP2
2026-08-29T23:00:00,00:1B:44:11:3A:33,SUCCESS,Admin_Lobby_AP2
2026-09-01T01:00:00,00:1B:44:11:3A:98,SUCCESS,Admin_Lobby_AP2
2026-09-09T20:00:00,00:1B:44:11:3A:27,SUCCESS,Admin_Lobby_AP2
2026-08-02T12:00:00,00:1B:44:11:3A:76,SUCCESS,Admin_Lobby_AP2
2026-08-06T13:00:00,00:1B:44:11:3A:84,SUCCESS,Admin_Lobby_AP2
2026-08-02T16:00:00,00:1B:44:11:3A:78,SUCCESS,Admin_Lobby_AP2
2026-08-20T00:00:00,00:1B:44:11:3A:68,SUCCESS,Admin_Lobby_AP2
2026-08-29T02:00:00,00:1B:44:11:3A:65,SUCCESS,Admin_Lobby_AP2
2026-08-25T10:00:00,00:1B:44:11:3A:81,SUCCESS,Admin_Lobby_AP2
2026-08-09T05:00:00,00:1B:44:11:3A:86,SUCCESS,Admin_Lobby_AP2
2026-08-08T14:00:00,00:1B:44:11:3A:69,SUCCESS,Admin_Lobby_AP2
2026-09-10T02:00:00,00:1B:44:11:3A:57,SUCCESS,Admin_Lobby_AP2
2026-08-12T16:00:00,00:1B:44:11:3A:70,SUCCESS,Admin_Lobby_AP2
2026-08-18T00:00:00,00:1B:44:11:3A:73,SUCCESS,Admin_Lobby_AP2
2026-09-03T21:00:00,00:1B:44:11:3A:86,SUCCESS,Admin_Lobby_AP2
2026-08-29T10:00:00,00:1B:44:11:3A:58,SUCCESS,Admin_Lobby_AP2
2026-08-23T04:00:00,00:1B:44:11:3A:44,SUCCESS,Admin_Lobby_AP2
2026-08-04T08:00:00,00:1B:44:11:3A:98,SUCCESS,Admin_Lobby_AP2
2026-08-03T00:00:00,00:1B:44:11:3A:22,SUCCESS,Admin_Lobby_AP2
2026-08-13T12:00:00,00:1B:44:11:3A:49,SUCCESS,Admin_Lobby_AP2
2026-08-14T12:00:00,00:1B:44:11:3A:41,SUCCESS,Admin_Lobby_AP2
2026-08-25T05:00:00,00:1B:44:11:3A:54,SUCCESS,Admin_Lobby_AP2
2026-09-03T04:00:00,00:1B:44:11:3A:92,SUCCESS,Admin_Lobby_AP2
2026-08-16T00:00:00,00:1B:44:11:3A:76,SUCCESS,Admin_Lobby_AP2
2026-08-26T18:00:00,00:1B:44:11:3A:15,SUCCESS,Admin_Lobby_AP2
2026-08-22T12:00:00,00:1B:44:11:3A:36,SUCCESS,Admin_Lobby_AP2
2026-08-15T06:00:00,00:1B:44:11:3A:77,SUCCESS,Admin_Lobby_AP2
2026-08-23T20:00:00,00:1B:44:11:3A:35,SUCCESS,Admin_Lobby_AP2
2026-08-14T14:00:00,00:1B:44:11:3A:87,SUCCESS,Admin_Lobby_AP2
2026-09-03T12:00:00,00:1B:44:11:3A:28,SUCCESS,Admin_Lobby_AP2
2026-08-02T10:00:00,00:1B:44:11:3A:30,SUCCESS,Admin_Lobby_AP2
2026-08-28T09:00:00,00:1B:44:11:3A:25,SUCCESS,Admin_Lobby_AP2
2026-09-07T04:00:00,00:1B:44:11:3A:85,SUCCESS,Admin_Lobby_AP2
2026-08-08T23:00:00,00:1B:44:11:3A:77,SUCCESS,Admin_Lobby_AP2
2026-08-21T00:00:00,00:1B:44:11:3A:30,SUCCESS,Admin_Lobby_AP2
2026-08-03T19:00:00,00:1B:44:11:3A:88,SUCCESS,Admin_Lobby_AP2
2026-08-03T04:00:00,00:1B:44:11:3A:16,SUCCESS,Admin_Lobby_AP2
2026-09-10T05:00:00,00:1B:44:11:3A:55,SUCCESS,Admin_Lobby_AP2
2026-08-28T00:00:00,00:1B:44:11:3A:45,SUCCESS,Admin_Lobby_AP2
2026-08-08T18:00:00,00:1B:44:11:3A:24,SUCCESS,Admin_Lobby_AP2
2026-09-07T22:00:00,00:1B:44:11:3A:88,SUCCESS,Admin_Lobby_AP2
2026-09-05T03:00:00,00:1B:44:11:3A:96,SUCCESS,Admin_Lobby_AP2
2026-08-28T22:00:00,00:1B:44:11:3A:40,SUCCESS,Admin_Lobby_AP2
2026-08-13T15:00:00,00:1B:44:11:3A:79,SUCCESS,Admin_Lobby_AP2
2026-09-09T20:00:00,00:1B:44:11:3A:59,SUCCESS,Admin_Lobby_AP2
2026-08-29T22:00:00,00:1B:44:11:3A:15,SUCCESS,Admin_Lobby_AP2
2026-08-20T19:00:00,00:1B:44:11:3A:33,SUCCESS,Admin_Lobby_AP2
2026-08-16T12:00:00,00:1B:44:11:3A:46,SUCCESS,Admin_Lobby_AP2
2026-08-26T15:00:00,00:1B:44:11:3A:28,SUCCESS,Admin_Lobby_AP2
2026-08-04T03:00:00,00:1B:44:11:3A:86,SUCCESS,Admin_Lobby_AP2
2026-09-03T09:00:00,00:1B:44:11:3A:69,SUCCESS,Admin_Lobby_AP2
2026-08-15T22:00:00,00:1B:44:11:3A:98,SUCCESS,Admin_Lobby_AP2
2026-09-05T20:00:00,00:1B:44:11:3A:67,SUCCESS,Admin_Lobby_AP2
2026-08-13T12:00:00,00:1B:44:11:3A:41,SUCCESS,Admin_Lobby_AP2
2026-08-21T10:00:00,00:1B:44:11:3A:65,SUCCESS,Admin_Lobby_AP2
2026-08-21T17:00:00,00:1B:44:11:3A:21,SUCCESS,Admin_Lobby_AP2
2026-08-04T19:00:00,00:1B:44:11:3A:61,SUCCESS,Admin_Lobby_AP2
2026-08-19T04:00:00,00:1B:44:11:3A:41,SUCCESS,Admin_Lobby_AP2
2026-09-04T04:00:00,00:1B:44:11:3A:12,SUCCESS,Admin_Lobby_AP2
2026-08-27T14:00:00,00:1B:44:11:3A:14,SUCCESS,Admin_Lobby_AP2
2026-09-01T17:00:00,00:1B:44:11:3A:99,SUCCESS,Admin_Lobby_AP2
2026-08-15T10:00:00,00:1B:44:11:3A:70,SUCCESS,Admin_Lobby_AP2
2026-08-23T05:00:00,00:1B:44:11:3A:42,SUCCESS,Admin_Lobby_AP2
2026-08-02T15:00:00,00:1B:44:11:3A:40,SUCCESS,Admin_Lobby_AP2
2026-09-02T02:00:00,00:1B:44:11:3A:25,SUCCESS,Admin_Lobby_AP2
2026-08-22T23:00:00,00:1B:44:11:3A:28,SUCCESS,Admin_Lobby_AP2
2026-08-09T06:00:00,00:1B:44:11:3A:10,SUCCESS,Admin_Lobby_AP2
2026-08-30T04:00:00,00:1B:44:11:3A:46,SUCCESS,Admin_Lobby_AP2
2026-09-11T14:00:00,00:1B:44:11:3A:51,SUCCESS,Admin_Lobby_AP2
2026-09-05T09:00:00,00:1B:44:11:3A:64,SUCCESS,Admin_Lobby_AP2
2026-08-14T12:00:00,00:1B:44:11:3A:24,SUCCESS,Admin_Lobby_AP2
2026-08-24T21:00:00,00:1B:44:11:3A:54,SUCCESS,Admin_Lobby_AP2
2026-08-21T09:00:00,00:1B:44:11:3A:78,SUCCESS,Admin_Lobby_AP2
2026-09-07T19:00:00,00:1B:44:11:3A:25,SUCCESS,Admin_Lobby_AP2
2026-08-15T15:00:00,00:1B:44:11:3A:30,SUCCESS,Admin_Lobby_AP2
2026-08-19T06:00:00,00:1B:44:11:3A:50,SUCCESS,Admin_Lobby_AP2
2026-09-01T05:00:00,00:1B:44:11:3A:49,SUCCESS,Admin_Lobby_AP2
2026-08-20T03:00:00,00:1B:44:11:3A:92,SUCCESS,Admin_Lobby_AP2
2026-09-02T01:00:00,00:1B:44:11:3A:28,SUCCESS,Admin_Lobby_AP2
2026-09-10T07:00:00,00:1B:44:11:3A:22,SUCCESS,Admin_Lobby_AP2
2026-08-11T17:00:00,00:1B:44:11:3A:30,SUCCESS,Admin_Lobby_AP2
2026-08-17T08:00:00,00:1B:44:11:3A:41,SUCCESS,Admin_Lobby_AP2
2026-08-04T18:00:00,00:1B:44:11:3A:29,SUCCESS,Admin_Lobby_AP2
2026-08-08T03:00:00,00:1B:44:11:3A:47,SUCCESS,Admin_Lobby_AP2
2026-09-02T08:00:00,00:1B:44:11:3A:28,SUCCESS,Admin_Lobby_AP2
2026-08-11T10:00:00,00:1B:44:11:3A:46,SUCCESS,Admin_Lobby_AP2
2026-08-26T15:00:00,00:1B:44:11:3A:33,SUCCESS,Admin_Lobby_AP2
2026-08-14T00:00:00,00:1B:44:11:3A:19,SUCCESS,Admin_Lobby_AP2
2026-09-03T12:00:00,00:1B:44:11:3A:52,SUCCESS,Admin_Lobby_AP2
2026-09-09T06:00:00,00:1B:44:11:3A:53,SUCCESS,Admin_Lobby_AP2
2026-09-10T06:00:00,00:1B:44:11:3A:54,SUCCESS,Admin_Lobby_AP2
2026-08-22T11:00:00,00:1B:44:11:3A:89,SUCCESS,Admin_Lobby_AP2
2026-08-03T10:00:00,00:1B:44:11:3A:32,SUCCESS,Admin_Lobby_AP2
2026-08-18T06:00:00,00:1B:44:11:3A:55,SUCCESS,Admin_Lobby_AP2
2026-09-09T20:00:00,00:1B:44:11:3A:49,SUCCESS,Admin_Lobby_AP2
2026-08-20T03:00:00,00:1B:44:11:3A:40,SUCCESS,Admin_Lobby_AP2
2026-09-01T07:00:00,00:1B:44:11:3A:90,SUCCESS,Admin_Lobby_AP2
2026-08-07T05:00:00,00:1B:44:11:3A:86,SUCCESS,Admin_Lobby_AP2
2026-08-31T01:00:00,00:1B:44:11:3A:23,SUCCESS,Admin_Lobby_AP2
2026-09-02T16:00:00,00:1B:44:11:3A:67,SUCCESS,Admin_Lobby_AP2
2026-08-08T09:00:00,00:1B:44:11:3A:16,SUCCESS,Admin_Lobby_AP2
2026-08-17T19:00:00,00:1B:44:11:3A:55,SUCCESS,Admin_Lobby_AP2
2026-09-04T16:00:00,00:1B:44:11:3A:38,SUCCESS,Admin_Lobby_AP2
2026-08-04T19:00:00,00:1B:44:11:3A:80,SUCCESS,Admin_Lobby_AP2
2026-08-30T02:00:00,00:1B:44:11:3A:32,SUCCESS,Admin_Lobby_AP2
2026-08-12T13:00:00,00:1B:44:11:3A:89,SUCCESS,Admin_Lobby_AP2
2026-08-17T00:00:00,00:1B:44:11:3A:41,SUCCESS,Admin_Lobby_AP2
2026-08-21T07:00:00,00:1B:44:11:3A:73,SUCCESS,Admin_Lobby_AP2
2026-08-08T14:00:00,00:1B:44:11:3A:79,SUCCESS,Admin_Lobby_AP2
2026-09-11T09:00:00,00:1B:44:11:3A:22,SUCCESS,Admin_Lobby_AP2
2026-08-22T12:00:00,00:1B:44:11:3A:91,SUCCESS,Admin_Lobby_AP2
2026-08-23T07:00:00,00:1B:44:11:3A:44,SUCCESS,Admin_Lobby_AP2
2026-08-13T09:00:00,00:1B:44:11:3A:87,SUCCESS,Admin_Lobby_AP2
2026-08-28T20:00:00,00:1B:44:11:3A:37,SUCCESS,Admin_Lobby_AP2
2026-08-31T04:00:00,00:1B:44:11:3A:47,SUCCESS,Admin_Lobby_AP2
2026-09-04T20:00:00,00:1B:44:11:3A:80,SUCCESS,Admin_Lobby_AP2
2026-08-10T17:00:00,00:1B:44:11:3A:85,SUCCESS,Admin_Lobby_AP2
2026-09-07T02:00:00,00:1B:44:11:3A:11,SUCCESS,Admin_Lobby_AP2
2026-08-25T17:00:00,00:1B:44:11:3A:66,SUCCESS,Admin_Lobby_AP2
2026-09-03T13:00:00,00:1B:44:11:3A:30,SUCCESS,Admin_Lobby_AP2
2026-08-13T16:00:00,00:1B:44:11:3A:62,SUCCESS,Admin_Lobby_AP2
2026-08-02T18:00:00,00:1B:44:11:3A:58,SUCCESS,Admin_Lobby_AP2
2026-08-11T23:00:00,00:1B:44:11:3A:90,SUCCESS,Admin_Lobby_AP2
2026-09-09T04:00:00,00:1B:44:11:3A:52,SUCCESS,Admin_Lobby_AP2
2026-08-09T18:00:00,00:1B:44:11:3A:70,SUCCESS,Admin_Lobby_AP2
2026-08-05T15:00:00,00:1B:44:11:3A:11,SUCCESS,Admin_Lobby_AP2
2026-08-23T23:00:00,00:1B:44:11:3A:37,SUCCESS,Admin_Lobby_AP2
2026-09-10T04:00:00,00:1B:44:11:3A:71,SUCCESS,Admin_Lobby_AP2
2026-08-12T02:00:00,00:1B:44:11:3A:79,SUCCESS,Admin_Lobby_AP2
2026-08-30T08:00:00,00:1B:44:11:3A:67,SUCCESS,Admin_Lobby_AP2
2026-08-20T18:00:00,00:1B:44:11:3A:87,SUCCESS,Admin_Lobby_AP2
2026-08-01T15:00:00,00:1B:44:11:3A:35,SUCCESS,Admin_Lobby_AP2
2026-09-11T02:00:00,00:1B:44:11:3A:17,SUCCESS,Admin_Lobby_AP2
2026-08-06T15:00:00,00:1B:44:11:3A:46,SUCCESS,Admin_Lobby_AP2
2026-08-12T05:00:00,00:1B:44:11:3A:29,SUCCESS,Admin_Lobby_AP2
2026-08-07T07:00:00,00:1B:44:11:3A:83,SUCCESS,Admin_Lobby_AP2
2026-08-26T04:00:00,00:1B:44:11:3A:23,SUCCESS,Admin_Lobby_AP2
2026-08-17T03:00:00,00:1B:44:11:3A:19,SUCCESS,Admin_Lobby_AP2
2026-08-08T16:00:00,00:1B:44:11:3A:68,SUCCESS,Admin_Lobby_AP2
2026-08-25T08:00:00,00:1B:44:11:3A:82,SUCCESS,Admin_Lobby_AP2
2026-08-03T10:00:00,00:1B:44:11:3A:32,SUCCESS,Admin_Lobby_AP2
2026-08-24T17:00:00,00:1B:44:11:3A:80,SUCCESS,Admin_Lobby_AP2
2026-08-08T03:00:00,00:1B:44:11:3A:44,SUCCESS,Admin_Lobby_AP2
2026-08-10T08:00:00,00:1B:44:11:3A:53,SUCCESS,Admin_Lobby_AP2
2026-08-28T10:00:00,00:1B:44:11:3A:81,SUCCESS,Admin_Lobby_AP2
2026-08-19T06:00:00,00:1B:44:11:3A:65,SUCCESS,Admin_Lobby_AP2
2026-08-08T11:00:00,00:1B:44:11:3A:40,SUCCESS,Admin_Lobby_AP2
2026-08-05T16:00:00,00:1B:44:11:3A:54,SUCCESS,Admin_Lobby_AP2
2026-08-17T18:00:00,00:1B:44:11:3A:45,SUCCESS,Admin_Lobby_AP2
2026-08-15T10:00:00,00:1B:44:11:3A:23,SUCCESS,Admin_Lobby_AP2
2026-08-12T11:00:00,00:1B:44:11:3A:13,SUCCESS,Admin_Lobby_AP2
2026-08-31T11:00:00,00:1B:44:11:3A:99,SUCCESS,Admin_Lobby_AP2
2026-08-21T21:00:00,00:1B:44:11:3A:90,SUCCESS,Admin_Lobby_AP2
2026-09-02T20:00:00,00:1B:44:11:3A:77,SUCCESS,Admin_Lobby_AP2
2026-08-05T19:00:00,00:1B:44:11:3A:66,SUCCESS,Admin_Lobby_AP2
2026-08-14T10:00:00,00:1B:44:11:3A:52,SUCCESS,Admin_Lobby_AP2
2026-08-16T23:00:00,00:1B:44:11:3A:39,SUCCESS,Admin_Lobby_AP2
2026-09-05T19:00:00,00:1B:44:11:3A:97,SUCCESS,Admin_Lobby_AP2
2026-08-08T21:00:00,00:1B:44:11:3A:66,SUCCESS,Admin_Lobby_AP2
2026-08-18T13:00:00,00:1B:44:11:3A:85,SUCCESS,Admin_Lobby_AP2
2026-08-19T09:00:00,00:1B:44:11:3A:70,SUCCESS,Admin_Lobby_AP2
2026-08-21T09:00:00,00:1B:44:11:3A:69,SUCCESS,Admin_Lobby_AP2
2026-08-20T10:00:00,00:1B:44:11:3A:48,SUCCESS,Admin_Lobby_AP2
2026-08-17T17:00:00,00:1B:44:11:3A:15,SUCCESS,Admin_Lobby_AP2
2026-09-06T03:00:00,00:1B:44:11:3A:78,SUCCESS,Admin_Lobby_AP2
2026-08-30T14:00:00,00:1B:44:11:3A:50,SUCCESS,Admin_Lobby_AP2
2026-08-13T20:00:00,00:1B:44:11:3A:40,SUCCESS,Admin_Lobby_AP2
2026-08-23T12:00:00,00:1B:44:11:3A:40,SUCCESS,Admin_Lobby_AP2
2026-08-29T19:00:00,00:1B:44:11:3A:46,SUCCESS,Admin_Lobby_AP2
2026-09-01T04:00:00,00:1B:44:11:3A:55,SUCCESS,Admin_Lobby_AP2
2026-08-09T12:00:00,00:1B:44:11:3A:51,SUCCESS,Admin_Lobby_AP2
2026-08-03T08:00:00,00:1B:44:11:3A:10,SUCCESS,Admin_Lobby_AP2
2026-08-09T07:00:00,00:1B:44:11:3A:33,SUCCESS,Admin_Lobby_AP2
2026-08-03T05:00:00,00:1B:44:11:3A:49,SUCCESS,Admin_Lobby_AP2
2026-08-18T02:00:00,00:1B:44:11:3A:72,SUCCESS,Admin_Lobby_AP2
2026-08-09T14:00:00,00:1B:44:11:3A:17,SUCCESS,Admin_Lobby_AP2
2026-09-07T15:00:00,00:1B:44:11:3A:61,SUCCESS,Admin_Lobby_AP2
2026-08-16T09:00:00,00:1B:44:11:3A:51,SUCCESS,Admin_Lobby_AP2
2026-08-08T16:00:00,00:1B:44:11:3A:19,SUCCESS,Admin_Lobby_AP2
2026-08-17T02:00:00,00:1B:44:11:3A:22,SUCCESS,Admin_Lobby_AP2
2026-08-27T18:00:00,00:1B:44:11:3A:21,SUCCESS,Admin_Lobby_AP2
2026-08-23T10:00:00,00:1B:44:11:3A:95,SUCCESS,Admin_Lobby_AP2
2026-08-04T21:00:00,00:1B:44:11:3A:61,SUCCESS,Admin_Lobby_AP2
2026-09-09T05:00:00,00:1B:44:11:3A:76,SUCCESS,Admin_Lobby_AP2
2026-08-12T01:00:00,00:1B:44:11:3A:48,SUCCESS,Admin_Lobby_AP2
2026-08-19T03:00:00,00:1B:44:11:3A:22,SUCCESS,Admin_Lobby_AP2
2026-08-10T07:00:00,00:1B:44:11:3A:76,SUCCESS,Admin_Lobby_AP2
2026-08-16T16:00:00,00:1B:44:11:3A:53,SUCCESS,Admin_Lobby_AP2
2026-08-09T02:00:00,00:1B:44:11:3A:47,SUCCESS,Admin_Lobby_AP2
2026-08-04T11:00:00,00:1B:44:11:3A:89,SUCCESS,Admin_Lobby_AP2
2026-09-01T02:00:00,00:1B:44:11:3A:36,SUCCESS,Admin_Lobby_AP2
2026-08-21T12:00:00,00:1B:44:11:3A:92,SUCCESS,Admin_Lobby_AP2
2026-09-09T02:00:00,00:1B:44:11:3A:65,SUCCESS,Admin_Lobby_AP2
2026-08-24T14:00:00,00:1B:44:11:3A:79,SUCCESS,Admin_Lobby_AP2
2026-08-07T04:00:00,00:1B:44:11:3A:42,SUCCESS,Admin_Lobby_AP2
2026-09-10T22:00:00,00:1B:44:11:3A:88,SUCCESS,Admin_Lobby_AP2
2026-08-16T13:00:00,00:1B:44:11:3A:25,SUCCESS,Admin_Lobby_AP2
2026-09-01T09:00:00,00:1B:44:11:3A:72,SUCCESS,Admin_Lobby_AP2
2026-08-16T17:00:00,00:1B:44:11:3A:64,SUCCESS,Admin_Lobby_AP2
2026-08-15T16:00:00,00:1B:44:11:3A:72,SUCCESS,Admin_Lobby_AP2
2026-09-02T06:00:00,00:1B:44:11:3A:42,SUCCESS,Admin_Lobby_AP2
2026-08-16T14:00:00,00:1B:44:11:3A:79,SUCCESS,Admin_Lobby_AP2
2026-09-02T03:00:00,00:1B:44:11:3A:37,SUCCESS,Admin_Lobby_AP2
2026-08-13T00:00:00,00:1B:44:11:3A:93,SUCCESS,Admin_Lobby_AP2
2026-08-14T16:00:00,00:1B:44:11:3A:18,SUCCESS,Admin_Lobby_AP2
2026-08-04T05:00:00,00:1B:44:11:3A:19,SUCCESS,Admin_Lobby_AP2
2026-08-06T10:00:00,00:1B:44:11:3A:83,SUCCESS,Admin_Lobby_AP2
2026-09-06T05:00:00,00:1B:44:11:3A:31,SUCCESS,Admin_Lobby_AP2
2026-09-04T01:00:00,00:1B:44:11:3A:22,SUCCESS,Admin_Lobby_AP2
2026-08-11T14:00:00,00:1B:44:11:3A:99,SUCCESS,Admin_Lobby_AP2
2026-08-21T05:00:00,00:1B:44:11:3A:47,SUCCESS,Admin_Lobby_AP2
2026-08-20T22:00:00,00:1B:44:11:3A:67,SUCCESS,Admin_Lobby_AP2
2026-08-18T04:00:00,00:1B:44:11:3A:17,SUCCESS,Admin_Lobby_AP2
2026-09-10T05:00:00,00:1B:44:11:3A:92,SUCCESS,Admin_Lobby_AP2
2026-09-04T19:00:00,00:1B:44:11:3A:25,SUCCESS,Admin_Lobby_AP2
2026-09-04T00:00:00,00:1B:44:11:3A:26,SUCCESS,Admin_Lobby_AP2
2026-08-30T01:00:00,00:1B:44:11:3A:18,SUCCESS,Admin_Lobby_AP2
2026-08-13T02:00:00,00:1B:44:11:3A:63,SUCCESS,Admin_Lobby_AP2
2026-08-04T01:00:00,00:1B:44:11:3A:16,SUCCESS,Admin_Lobby_AP2
2026-08-04T08:00:00,00:1B:44:11:3A:22,SUCCESS,Admin_Lobby_AP2
2026-08-09T06:00:00,00:1B:44:11:3A:36,SUCCESS,Admin_Lobby_AP2
2026-08-19T23:00:00,00:1B:44:11:3A:60,SUCCESS,Admin_Lobby_AP2
2026-08-29T16:00:00,00:1B:44:11:3A:64,SUCCESS,Admin_Lobby_AP2
2026-08-04T02:00:00,00:1B:44:11:3A:34,SUCCESS,Admin_Lobby_AP2
2026-09-05T18:00:00,00:1B:44:11:3A:87,SUCCESS,Admin_Lobby_AP2
2026-09-01T13:00:00,00:1B:44:11:3A:89,SUCCESS,Admin_Lobby_AP2
2026-08-11T17:00:00,00:1B:44:11:3A:18,SUCCESS,Admin_Lobby_AP2
2026-08-17T14:00:00,00:1B:44:11:3A:59,SUCCESS,Admin_Lobby_AP2
2026-08-26T22:00:00,00:1B:44:11:3A:87,SUCCESS,Admin_Lobby_AP2
2026-08-20T01:00:00,00:1B:44:11:3A:51,SUCCESS,Admin_Lobby_AP2
2026-08-25T06:00:00,00:1B:44:11:3A:37,SUCCESS,Admin_Lobby_AP2
2026-09-05T05:00:00,00:1B:44:11:3A:94,SUCCESS,Admin_Lobby_AP2
2026-08-08T16:00:00,00:1B:44:11:3A:54,SUCCESS,Admin_Lobby_AP2
2026-08-08T11:00:00,00:1B:44:11:3A:77,SUCCESS,Admin_Lobby_AP2
2026-08-31T22:00:00,00:1B:44:11:3A:57,SUCCESS,Admin_Lobby_AP2
2026-08-26T03:00:00,00:1B:44:11:3A:46,SUCCESS,Admin_Lobby_AP2
2026-08-11T14:00:00,00:1B:44:11:3A:68,SUCCESS,Admin_Lobby_AP2
2026-09-03T22:00:00,00:1B:44:11:3A:38,SUCCESS,Admin_Lobby_AP2
2026-08-01T07:00:00,00:1B:44:11:3A:17,SUCCESS,Admin_Lobby_AP2
2026-08-27T05:00:00,00:1B:44:11:3A:20,SUCCESS,Admin_Lobby_AP2
2026-09-06T23:00:00,00:1B:44:11:3A:82,SUCCESS,Admin_Lobby_AP2
2026-08-03T19:00:00,00:1B:44:11:3A:35,SUCCESS,Admin_Lobby_AP2
2026-08-19T01:00:00,00:1B:44:11:3A:13,SUCCESS,Admin_Lobby_AP2
2026-08-21T04:00:00,00:1B:44:11:3A:51,SUCCESS,Admin_Lobby_AP2
2026-08-31T12:00:00,00:1B:44:11:3A:58,SUCCESS,Admin_Lobby_AP2
2026-09-01T16:00:00,00:1B:44:11:3A:17,SUCCESS,Admin_Lobby_AP2
2026-08-31T12:00:00,00:1B:44:11:3A:57,SUCCESS,Admin_Lobby_AP2
2026-08-23T09:00:00,00:1B:44:11:3A:19,SUCCESS,Admin_Lobby_AP2
2026-08-07T19:00:00,00:1B:44:11:3A:77,SUCCESS,Admin_Lobby_AP2
2026-08-17T16:00:00,00:1B:44:11:3A:34,SUCCESS,Admin_Lobby_AP2
2026-08-21T01:00:00,00:1B:44:11:3A:15,SUCCESS,Admin_Lobby_AP2
2026-08-12T00:00:00,00:1B:44:11:3A:59,SUCCESS,Admin_Lobby_AP2
2026-09-08T23:00:00,00:1B:44:11:3A:21,SUCCESS,Admin_Lobby_AP2
2026-08-29T16:00:00,00:1B:44:11:3A:53,SUCCESS,Admin_Lobby_AP2
2026-09-06T20:00:00,00:1B:44:11:3A:91,SUCCESS,Admin_Lobby_AP2
2026-08-25T07:00:00,00:1B:44:11:3A:70,SUCCESS,Admin_Lobby_AP2
2026-09-04T02:00:00,00:1B:44:11:3A:99,SUCCESS,Admin_Lobby_AP2
2026-08-10T13:00:00,00:1B:44:11:3A:42,SUCCESS,Admin_Lobby_AP2
2026-08-20T00:00:00,00:1B:44:11:3A:51,SUCCESS,Admin_Lobby_AP2
2026-09-05T10:00:00,00:1B:44:11:3A:25,SUCCESS,Admin_Lobby_AP2
2026-08-08T00:00:00,00:1B:44:11:3A:40,SUCCESS,Admin_Lobby_AP2
2026-08-20T02:00:00,00:1B:44:11:3A:15,SUCCESS,Admin_Lobby_AP2
2026-08-07T21:00:00,00:1B:44:11:3A:23,SUCCESS,Admin_Lobby_AP2
2026-09-08T03:00:00,00:1B:44:11:3A:65,SUCCESS,Admin_Lobby_AP2
2026-09-01T10:00:00,00:1B:44:11:3A:31,SUCCESS,Admin_Lobby_AP2
2026-08-25T12:00:00,00:1B:44:11:3A:80,SUCCESS,Admin_Lobby_AP2
2026-08-17T11:00:00,00:1B:44:11:3A:49,SUCCESS,Admin_Lobby_AP2
2026-08-20T22:00:00,00:1B:44:11:3A:62,SUCCESS,Admin_Lobby_AP2
2026-08-15T00:00:00,00:1B:44:11:3A:94,SUCCESS,Admin_Lobby_AP2
2026-08-28T09:00:00,00:1B:44:11:3A:11,SUCCESS,Admin_Lobby_AP2
2026-09-07T23:00:00,00:1B:44:11:3A:84,SUCCESS,Admin_Lobby_AP2
2026-08-13T21:00:00,00:1B:44:11:3A:63,SUCCESS,Admin_Lobby_AP2
2026-09-06T01:00:00,00:1B:44:11:3A:41,SUCCESS,Admin_Lobby_AP2
2026-08-14T15:00:00,00:1B:44:11:3A:21,SUCCESS,Admin_Lobby_AP2
2026-09-04T18:00:00,00:1B:44:11:3A:57,SUCCESS,Admin_Lobby_AP2
2026-08-18T08:00:00,00:1B:44:11:3A:54,SUCCESS,Admin_Lobby_AP2
2026-08-08T10:00:00,00:1B:44:11:3A:98,SUCCESS,Admin_Lobby_AP2
2026-08-18T02:00:00,00:1B:44:11:3A:75,SUCCESS,Admin_Lobby_AP2
2026-08-16T20:00:00,00:1B:44:11:3A:98,SUCCESS,Admin_Lobby_AP2
2026-08-29T01:00:00,00:1B:44:11:3A:57,SUCCESS,Admin_Lobby_AP2
2026-08-14T06:00:00,00:1B:44:11:3A:16,SUCCESS,Admin_Lobby_AP2
2026-08-15T05:00:00,00:1B:44:11:3A:25,SUCCESS,Admin_Lobby_AP2
2026-08-19T22:00:00,00:1B:44:11:3A:21,SUCCESS,Admin_Lobby_AP2
2026-09-02T09:00:00,00:1B:44:11:3A:51,SUCCESS,Admin_Lobby_AP2
2026-08-11T17:00:00,00:1B:44:11:3A:22,SUCCESS,Admin_Lobby_AP2
2026-08-05T02:00:00,00:1B:44:11:3A:75,SUCCESS,Admin_Lobby_AP2
2026-08-28T17:00:00,00:1B:44:11:3A:48,SUCCESS,Admin_Lobby_AP2
2026-09-04T00:00:00,00:1B:44:11:3A:35,SUCCESS,Admin_Lobby_AP2
2026-08-31T11:00:00,00:1B:44:11:3A:69,SUCCESS,Admin_Lobby_AP2
2026-08-02T03:00:00,00:1B:44:11:3A:69,SUCCESS,Admin_Lobby_AP2
2026-08-31T10:00:00,00:1B:44:11:3A:63,SUCCESS,Admin_Lobby_AP2
2026-08-06T14:00:00,00:1B:44:11:3A:77,SUCCESS,Admin_Lobby_AP2
2026-09-01T09:00:00,00:1B:44:11:3A:31,SUCCESS,Admin_Lobby_AP2
2026-09-03T21:00:00,00:1B:44:11:3A:73,SUCCESS,Admin_Lobby_AP2
2026-09-11T08:00:00,00:1B:44:11:3A:82,SUCCESS,Admin_Lobby_AP2
2026-08-18T09:00:00,00:1B:44:11:3A:56,SUCCESS,Admin_Lobby_AP2
2026-09-02T10:00:00,00:1B:44:11:3A:12,SUCCESS,Admin_Lobby_AP2
2026-09-08T15:00:00,00:1B:44:11:3A:18,SUCCESS,Admin_Lobby_AP2
2026-08-14T04:00:00,00:1B:44:11:3A:96,SUCCESS,Admin_Lobby_AP2
2026-08-13T15:00:00,00:1B:44:11:3A:76,SUCCESS,Admin_Lobby_AP2
2026-08-27T08:00:00,00:1B:44:11:3A:70,SUCCESS,Admin_Lobby_AP2
2026-08-01T10:00:00,00:1B:44:11:3A:59,SUCCESS,Admin_Lobby_AP2
2026-08-05T08:00:00,00:1B:44:11:3A:76,SUCCESS,Admin_Lobby_AP2
2026-08-16T21:00:00,00:1B:44:11:3A:85,SUCCESS,Admin_Lobby_AP2
2026-08-19T01:00:00,00:1B:44:11:3A:83,SUCCESS,Admin_Lobby_AP2
2026-08-03T00:00:00,00:1B:44:11:3A:31,SUCCESS,Admin_Lobby_AP2
2026-08-07T03:00:00,00:1B:44:11:3A:12,SUCCESS,Admin_Lobby_AP2
2026-08-25T08:00:00,00:1B:44:11:3A:39,SUCCESS,Admin_Lobby_AP2
2026-08-26T19:00:00,00:1B:44:11:3A:98,SUCCESS,Admin_Lobby_AP2
2026-09-10T04:00:00,00:1B:44:11:3A:28,SUCCESS,Admin_Lobby_AP2
2026-08-24T09:00:00,00:1B:44:11:3A:56,SUCCESS,Admin_Lobby_AP2
2026-08-09T19:00:00,00:1B:44:11:3A:22,SUCCESS,Admin_Lobby_AP2
2026-08-11T07:00:00,00:1B:44:11:3A:62,SUCCESS,Admin_Lobby_AP2
2026-09-09T14:00:00,00:1B:44:11:3A:35,SUCCESS,Admin_Lobby_AP2
2026-08-31T11:00:00,00:1B:44:11:3A:10,SUCCESS,Admin_Lobby_AP2
2026-08-25T18:00:00,00:1B:44:11:3A:74,SUCCESS,Admin_Lobby_AP2
2026-08-25T04:00:00,00:1B:44:11:3A:50,SUCCESS,Admin_Lobby_AP2
2026-08-04T14:00:00,00:1B:44:11:3A:36,SUCCESS,Admin_Lobby_AP2
2026-09-05T01:00:00,00:1B:44:11:3A:78,SUCCESS,Admin_Lobby_AP2
2026-08-09T11:00:00,00:1B:44:11:3A:77,SUCCESS,Admin_Lobby_AP2
2026-08-02T19:00:00,00:1B:44:11:3A:25,SUCCESS,Admin_Lobby_AP2
2026-08-12T20:00:00,00:1B:44:11:3A:17,SUCCESS,Admin_Lobby_AP2
2026-09-11T00:00:00,00:1B:44:11:3A:48,SUCCESS,Admin_Lobby_AP2
2026-08-14T12:00:00,00:1B:44:11:3A:83,SUCCESS,Admin_Lobby_AP2
2026-08-23T08:00:00,00:1B:44:11:3A:34,SUCCESS,Admin_Lobby_AP2
2026-08-19T15:00:00,00:1B:44:11:3A:39,SUCCESS,Admin_Lobby_AP2
2026-08-04T18:00:00,00:1B:44:11:3A:19,SUCCESS,Admin_Lobby_AP2
2026-08-15T07:00:00,00:1B:44:11:3A:60,SUCCESS,Admin_Lobby_AP2
2026-08-01T09:00:00,00:1B:44:11:3A:23,SUCCESS,Admin_Lobby_AP2
2026-08-09T18:00:00,00:1B:44:11:3A:72,SUCCESS,Admin_Lobby_AP2
2026-08-30T19:00:00,00:1B:44:11:3A:21,SUCCESS,Admin_Lobby_AP2
2026-08-02T18:00:00,00:1B:44:11:3A:82,SUCCESS,Admin_Lobby_AP2
2026-09-02T22:00:00,00:1B:44:11:3A:91,SUCCESS,Admin_Lobby_AP2
2026-08-22T20:00:00,00:1B:44:11:3A:14,SUCCESS,Admin_Lobby_AP2
2026-08-09T14:00:00,00:1B:44:11:3A:94,SUCCESS,Admin_Lobby_AP2
2026-08-22T05:00:00,00:1B:44:11:3A:25,SUCCESS,Admin_Lobby_AP2
2026-08-26T20:00:00,00:1B:44:11:3A:98,SUCCESS,Admin_Lobby_AP2
2026-09-02T22:00:00,00:1B:44:11:3A:27,SUCCESS,Admin_Lobby_AP2
2026-09-07T21:00:00,00:1B:44:11:3A:32,SUCCESS,Admin_Lobby_AP2
2026-09-07T13:00:00,00:1B:44:11:3A:91,SUCCESS,Admin_Lobby_AP2
2026-08-16T04:00:00,00:1B:44:11:3A:41,SUCCESS,Admin_Lobby_AP2
2026-09-07T07:00:00,00:1B:44:11:3A:18,SUCCESS,Admin_Lobby_AP2
2026-09-02T18:00:00,00:1B:44:11:3A:30,SUCCESS,Admin_Lobby_AP2
2026-08-08T20:00:00,00:1B:44:11:3A:57,SUCCESS,Admin_Lobby_AP2
2026-08-15T14:00:00,00:1B:44:11:3A:79,SUCCESS,Admin_Lobby_AP2
2026-09-06T13:00:00,00:1B:44:11:3A:88,SUCCESS,Admin_Lobby_AP2
2026-08-27T16:00:00,00:1B:44:11:3A:11,SUCCESS,Admin_Lobby_AP2
2026-08-23T16:00:00,00:1B:44:11:3A:25,SUCCESS,Admin_Lobby_AP2
2026-09-05T13:00:00,00:1B:44:11:3A:89,SUCCESS,Admin_Lobby_AP2
2026-08-26T22:00:00,00:1B:44:11:3A:58,SUCCESS,Admin_Lobby_AP2
2026-08-24T02:00:00,00:1B:44:11:3A:64,SUCCESS,Admin_Lobby_AP2
2026-08-03T07:00:00,00:1B:44:11:3A:66,SUCCESS,Admin_Lobby_AP2
2026-08-20T09:00:00,00:1B:44:11:3A:94,SUCCESS,Admin_Lobby_AP2
2026-08-01T12:00:00,00:1B:44:11:3A:28,SUCCESS,Admin_Lobby_AP2
2026-08-24T08:00:00,00:1B:44:11:3A:45,SUCCESS,Admin_Lobby_AP2
2026-09-05T07:00:00,00:1B:44:11:3A:27,SUCCESS,Admin_Lobby_AP2
2026-09-09T14:00:00,00:1B:44:11:3A:19,SUCCESS,Admin_Lobby_AP2
2026-08-05T15:00:00,00:1B:44:11:3A:38,SUCCESS,Admin_Lobby_AP2
2026-08-04T21:00:00,00:1B:44:11:3A:49,SUCCESS,Admin_Lobby_AP2
2026-08-20T07:00:00,00:1B:44:11:3A:70,SUCCESS,Admin_Lobby_AP2
2026-08-01T23:00:00,00:1B:44:11:3A:37,SUCCESS,Admin_Lobby_AP2
2026-09-07T08:00:00,00:1B:44:11:3A:54,SUCCESS,Admin_Lobby_AP2
2026-09-07T17:00:00,00:1B:44:11:3A:17,SUCCESS,Admin_Lobby_AP2
2026-08-28T20:00:00,00:1B:44:11:3A:75,SUCCESS,Admin_Lobby_AP2
2026-08-31T16:00:00,00:1B:44:11:3A:47,SUCCESS,Admin_Lobby_AP2
2026-08-20T02:00:00,00:1B:44:11:3A:44,SUCCESS,Admin_Lobby_AP2
2026-08-06T15:00:00,00:1B:44:11:3A:89,SUCCESS,Admin_Lobby_AP2
2026-08-12T03:00:00,00:1B:44:11:3A:85,SUCCESS,Admin_Lobby_AP2
2026-08-15T18:00:00,00:1B:44:11:3A:95,SUCCESS,Admin_Lobby_AP2
2026-09-04T18:00:00,00:1B:44:11:3A:28,SUCCESS,Admin_Lobby_AP2
2026-09-06T10:00:00,00:1B:44:11:3A:34,SUCCESS,Admin_Lobby_AP2
2026-08-13T06:00:00,00:1B:44:11:3A:58,SUCCESS,Admin_Lobby_AP2
2026-08-01T01:00:00,00:1B:44:11:3A:20,SUCCESS,Admin_Lobby_AP2
2026-08-17T13:00:00,00:1B:44:11:3A:50,SUCCESS,Admin_Lobby_AP2
2026-08-12T23:00:00,00:1B:44:11:3A:19,SUCCESS,Admin_Lobby_AP2
2026-08-11T22:00:00,00:1B:44:11:3A:67,SUCCESS,Admin_Lobby_AP2
2026-09-01T13:00:00,00:1B:44:11:3A:24,SUCCESS,Admin_Lobby_AP2
2026-08-03T06:00:00,00:1B:44:11:3A:40,SUCCESS,Admin_Lobby_AP2
2026-08-01T06:00:00,00:1B:44:11:3A:83,SUCCESS,Admin_Lobby_AP2
2026-08-05T03:00:00,00:1B:44:11:3A:10,SUCCESS,Admin_Lobby_AP2
2026-08-03T07:00:00,00:1B:44:11:3A:65,SUCCESS,Admin_Lobby_AP2
2026-08-18T12:00:00,00:1B:44:11:3A:19,SUCCESS,Admin_Lobby_AP2
2026-09-08T07:00:00,00:1B:44:11:3A:74,SUCCESS,Admin_Lobby_AP2
2026-09-01T03:00:00,00:1B:44:11:3A:47,SUCCESS,Admin_Lobby_AP2
2026-08-21T07:00:00,00:1B:44:11:3A:68,SUCCESS,Admin_Lobby_AP2
2026-08-02T04:00:00,00:1B:44:11:3A:69,SUCCESS,Admin_Lobby_AP2
2026-08-19T06:00:00,00:1B:44:11:3A:67,SUCCESS,Admin_Lobby_AP2
2026-08-26T11:00:00,00:1B:44:11:3A:33,SUCCESS,Admin_Lobby_AP2
2026-08-06T09:00:00,00:1B:44:11:3A:25,SUCCESS,Admin_Lobby_AP2
2026-08-09T14:00:00,00:1B:44:11:3A:45,SUCCESS,Admin_Lobby_AP2
2026-09-08T21:00:00,00:1B:44:11:3A:17,SUCCESS,Admin_Lobby_AP2
2026-09-08T17:00:00,00:1B:44:11:3A:19,SUCCESS,Admin_Lobby_AP2
2026-09-04T09:00:00,00:1B:44:11:3A:61,SUCCESS,Admin_Lobby_AP2
2026-08-22T23:00:00,00:1B:44:11:3A:87,SUCCESS,Admin_Lobby_AP2
2026-08-31T05:00:00,00:1B:44:11:3A:27,SUCCESS,Admin_Lobby_AP2
2026-08-11T17:00:00,00:1B:44:11:3A:11,SUCCESS,Admin_Lobby_AP2
