ticket_ref,old_category,closed_date,staff_initials
TKT-1496,Hostel Shift,2024-03-12,JD
TKT-5502,Library Fine,2024-03-12,JD
TKT-9816,Library Fine,2024-03-12,JD
TKT-8963,Hostel Shift,2024-03-12,JD
TKT-5456,Hostel Shift,2024-03-12,JD
TKT-3290,Library Fine,2024-03-12,JD
TKT-6041,Library Fine,2024-03-12,JD
TKT-5877,Library Fine,2024-03-12,JD
TKT-5931,Library Fine,2024-03-12,JD
TKT-9319,Library Fine,2024-03-12,JD
TKT-7651,Library Fine,2024-03-12,JD
TKT-3107,Library Fine,2024-03-12,JD
TKT-4015,Library Fine,2024-03-12,JD
TKT-5908,Hostel Shift,2024-03-12,JD
TKT-1740,Library Fine,2024-03-12,JD
TKT-7697,Library Fine,2024-03-12,JD
TKT-3952,Hostel Shift,2024-03-12,JD
TKT-7784,Hostel Shift,2024-03-12,JD
TKT-1022,Hostel Shift,2024-03-12,JD
TKT-1759,Hostel Shift,2024-03-12,JD
TKT-1954,Hostel Shift,2024-03-12,JD
TKT-4048,Hostel Shift,2024-03-12,JD
TKT-9148,Library Fine,2024-03-12,JD
TKT-3043,Hostel Shift,2024-03-12,JD
TKT-5879,Library Fine,2024-03-12,JD
TKT-3271,Hostel Shift,2024-03-12,JD
TKT-9600,Hostel Shift,2024-03-12,JD
TKT-5915,Library Fine,2024-03-12,JD
TKT-3535,Library Fine,2024-03-12,JD
TKT-2996,Hostel Shift,2024-03-12,JD
TKT-7495,Library Fine,2024-03-12,JD
TKT-4916,Hostel Shift,2024-03-12,JD
TKT-6709,Hostel Shift,2024-03-12,JD
TKT-5734,Hostel Shift,2024-03-12,JD
TKT-7032,Library Fine,2024-03-12,JD
TKT-4920,Hostel Shift,2024-03-12,JD
TKT-8651,Library Fine,2024-03-12,JD
TKT-7250,Hostel Shift,2024-03-12,JD
TKT-3053,Library Fine,2024-03-12,JD
TKT-5689,Library Fine,2024-03-12,JD
TKT-4361,Library Fine,2024-03-12,JD
TKT-9552,Hostel Shift,2024-03-12,JD
TKT-2958,Hostel Shift,2024-03-12,JD
TKT-8463,Hostel Shift,2024-03-12,JD
TKT-6227,Library Fine,2024-03-12,JD
TKT-4289,Hostel Shift,2024-03-12,JD
TKT-2562,Library Fine,2024-03-12,JD
TKT-4543,Library Fine,2024-03-12,JD
TKT-6726,Library Fine,2024-03-12,JD
TKT-5612,Library Fine,2024-03-12,JD
TKT-1167,Hostel Shift,2024-03-12,JD
TKT-8515,Hostel Shift,2024-03-12,JD
TKT-8253,Hostel Shift,2024-03-12,JD
TKT-8949,Hostel Shift,2024-03-12,JD
TKT-6914,Hostel Shift,2024-03-12,JD
TKT-2403,Hostel Shift,2024-03-12,JD
TKT-4616,Hostel Shift,2024-03-12,JD
TKT-6603,Hostel Shift,2024-03-12,JD
TKT-2053,Library Fine,2024-03-12,JD
TKT-2753,Hostel Shift,2024-03-12,JD
TKT-8596,Hostel Shift,2024-03-12,JD
TKT-7398,Library Fine,2024-03-12,JD
TKT-8680,Library Fine,2024-03-12,JD
TKT-3301,Library Fine,2024-03-12,JD
TKT-4478,Hostel Shift,2024-03-12,JD
TKT-4938,Hostel Shift,2024-03-12,JD
TKT-3854,Library Fine,2024-03-12,JD
TKT-4614,Library Fine,2024-03-12,JD
TKT-7219,Hostel Shift,2024-03-12,JD
TKT-8493,Hostel Shift,2024-03-12,JD
TKT-6939,Library Fine,2024-03-12,JD
TKT-6864,Library Fine,2024-03-12,JD
TKT-7234,Library Fine,2024-03-12,JD
TKT-5828,Library Fine,2024-03-12,JD
TKT-8666,Library Fine,2024-03-12,JD
TKT-4037,Library Fine,2024-03-12,JD
TKT-2888,Hostel Shift,2024-03-12,JD
TKT-4822,Hostel Shift,2024-03-12,JD
TKT-4950,Library Fine,2024-03-12,JD
TKT-2089,Hostel Shift,2024-03-12,JD
TKT-3797,Library Fine,2024-03-12,JD
TKT-2197,Hostel Shift,2024-03-12,JD
TKT-9691,Library Fine,2024-03-12,JD
TKT-3784,Hostel Shift,2024-03-12,JD
TKT-8229,Hostel Shift,2024-03-12,JD
TKT-9156,Hostel Shift,2024-03-12,JD
TKT-3403,Hostel Shift,2024-03-12,JD
TKT-9641,Library Fine,2024-03-12,JD
TKT-6033,Hostel Shift,2024-03-12,JD
TKT-7992,Library Fine,2024-03-12,JD
TKT-2198,Hostel Shift,2024-03-12,JD
TKT-1319,Library Fine,2024-03-12,JD
TKT-9226,Library Fine,2024-03-12,JD
TKT-6890,Library Fine,2024-03-12,JD
TKT-2177,Library Fine,2024-03-12,JD
TKT-3644,Library Fine,2024-03-12,JD
TKT-8079,Hostel Shift,2024-03-12,JD
TKT-4797,Library Fine,2024-03-12,JD
TKT-9851,Library Fine,2024-03-12,JD
TKT-3613,Hostel Shift,2024-03-12,JD
TKT-8824,Hostel Shift,2024-03-12,JD
TKT-1303,Hostel Shift,2024-03-12,JD
TKT-9477,Library Fine,2024-03-12,JD
TKT-1936,Hostel Shift,2024-03-12,JD
TKT-9244,Library Fine,2024-03-12,JD
TKT-8380,Hostel Shift,2024-03-12,JD
TKT-6498,Hostel Shift,2024-03-12,JD
TKT-3463,Library Fine,2024-03-12,JD
TKT-8484,Hostel Shift,2024-03-12,JD
TKT-7744,Library Fine,2024-03-12,JD
TKT-7504,Hostel Shift,2024-03-12,JD
TKT-3053,Library Fine,2024-03-12,JD
TKT-7290,Library Fine,2024-03-12,JD
TKT-1630,Hostel Shift,2024-03-12,JD
TKT-4457,Hostel Shift,2024-03-12,JD
TKT-2196,Library Fine,2024-03-12,JD
TKT-4882,Hostel Shift,2024-03-12,JD
TKT-3979,Library Fine,2024-03-12,JD
TKT-7690,Hostel Shift,2024-03-12,JD
TKT-6474,Hostel Shift,2024-03-12,JD
TKT-7592,Hostel Shift,2024-03-12,JD
TKT-2750,Library Fine,2024-03-12,JD
TKT-8606,Hostel Shift,2024-03-12,JD
TKT-9811,Library Fine,2024-03-12,JD
TKT-6002,Library Fine,2024-03-12,JD
TKT-1651,Hostel Shift,2024-03-12,JD
TKT-5311,Hostel Shift,2024-03-12,JD
TKT-8282,Library Fine,2024-03-12,JD
TKT-5066,Library Fine,2024-03-12,JD
TKT-1261,Hostel Shift,2024-03-12,JD
TKT-7511,Hostel Shift,2024-03-12,JD
TKT-2764,Hostel Shift,2024-03-12,JD
TKT-9203,Library Fine,2024-03-12,JD
TKT-8241,Library Fine,2024-03-12,JD
TKT-2696,Hostel Shift,2024-03-12,JD
TKT-2623,Hostel Shift,2024-03-12,JD
TKT-3395,Library Fine,2024-03-12,JD
TKT-3393,Library Fine,2024-03-12,JD
TKT-5731,Hostel Shift,2024-03-12,JD
TKT-6557,Library Fine,2024-03-12,JD
TKT-1303,Hostel Shift,2024-03-12,JD
TKT-8982,Hostel Shift,2024-03-12,JD
TKT-8012,Library Fine,2024-03-12,JD
TKT-5062,Library Fine,2024-03-12,JD
TKT-3567,Library Fine,2024-03-12,JD
TKT-9729,Hostel Shift,2024-03-12,JD
TKT-8286,Library Fine,2024-03-12,JD
TKT-9327,Library Fine,2024-03-12,JD
TKT-5687,Hostel Shift,2024-03-12,JD
TKT-2852,Library Fine,2024-03-12,JD
TKT-2809,Library Fine,2024-03-12,JD
TKT-9969,Library Fine,2024-03-12,JD
TKT-6552,Hostel Shift,2024-03-12,JD
TKT-1317,Library Fine,2024-03-12,JD
TKT-3752,Hostel Shift,2024-03-12,JD
TKT-8550,Hostel Shift,2024-03-12,JD
TKT-5111,Library Fine,2024-03-12,JD
TKT-8965,Library Fine,2024-03-12,JD
TKT-4521,Library Fine,2024-03-12,JD
TKT-9768,Hostel Shift,2024-03-12,JD
TKT-1588,Library Fine,2024-03-12,JD
TKT-4104,Library Fine,2024-03-12,JD
TKT-6023,Hostel Shift,2024-03-12,JD
TKT-8569,Library Fine,2024-03-12,JD
TKT-1153,Library Fine,2024-03-12,JD
TKT-7020,Hostel Shift,2024-03-12,JD
TKT-3846,Hostel Shift,2024-03-12,JD
TKT-2203,Library Fine,2024-03-12,JD
TKT-8762,Library Fine,2024-03-12,JD
TKT-3174,Hostel Shift,2024-03-12,JD
TKT-6011,Hostel Shift,2024-03-12,JD
TKT-3396,Library Fine,2024-03-12,JD
TKT-4766,Library Fine,2024-03-12,JD
TKT-1641,Hostel Shift,2024-03-12,JD
TKT-1832,Library Fine,2024-03-12,JD
TKT-8767,Hostel Shift,2024-03-12,JD
TKT-7663,Library Fine,2024-03-12,JD
TKT-5445,Hostel Shift,2024-03-12,JD
TKT-7095,Library Fine,2024-03-12,JD
TKT-2784,Hostel Shift,2024-03-12,JD
TKT-7832,Hostel Shift,2024-03-12,JD
TKT-1293,Hostel Shift,2024-03-12,JD
TKT-3033,Hostel Shift,2024-03-12,JD
TKT-4497,Hostel Shift,2024-03-12,JD
TKT-4742,Hostel Shift,2024-03-12,JD
TKT-4307,Hostel Shift,2024-03-12,JD
TKT-8330,Hostel Shift,2024-03-12,JD
TKT-5474,Hostel Shift,2024-03-12,JD
TKT-9525,Library Fine,2024-03-12,JD
TKT-6442,Hostel Shift,2024-03-12,JD
TKT-3484,Hostel Shift,2024-03-12,JD
TKT-3068,Library Fine,2024-03-12,JD
TKT-8794,Hostel Shift,2024-03-12,JD
TKT-1179,Hostel Shift,2024-03-12,JD
TKT-2532,Hostel Shift,2024-03-12,JD
TKT-9066,Hostel Shift,2024-03-12,JD
TKT-6882,Hostel Shift,2024-03-12,JD
TKT-2696,Library Fine,2024-03-12,JD
TKT-7050,Library Fine,2024-03-12,JD
TKT-3128,Hostel Shift,2024-03-12,JD
