univ_id,request_type,action_date,outcome
24bcs11349,Credit Correction,2026-08-19 08:49:27,Done
24bcs11199,Credit Correction,2026-08-17 23:07:44,Done
24bcs10023,Grade Dispute,2026-08-06 02:13:21,Done
24bcs12101,PDC Issuance,2026-08-17 14:40:24,Done
24bcs11422,PDC Issuance,2026-09-18 12:32:21,Done
24bcs11355,PDC Issuance,2026-08-08 05:41:47,Done
24bcs12003,Grade Dispute,2026-08-05 18:43:04,Done
24bcs10471,Credit Correction,2026-08-05 09:06:15,Done
24bcs11505,Grade Dispute,2026-08-30 11:26:56,Done
24bcs11886,Grade Dispute,2026-09-06 11:54:26,Done
24bcs11301,Grade Dispute,2026-09-02 07:46:59,Done
24bcs12460,Grade Dispute,2026-08-23 00:02:41,Done
24bcs11766,Grade Dispute,2026-08-31 20:46:49,Done
24bcs10908,Grade Dispute,2026-09-01 09:01:40,Done
24bcs10992,PDC Issuance,2026-08-11 16:51:14,Done
24bcs10074,Credit Correction,2026-09-09 01:27:08,Done
24bcs10421,Grade Dispute,2026-08-09 03:53:43,Done
24bcs12146,PDC Issuance,2026-08-24 19:34:49,Done
24bcs11741,Grade Dispute,2026-09-02 05:41:07,Done
24bcs11680,Grade Dispute,2026-09-18 14:48:30,Done
24bcs12176,Credit Correction,2026-09-15 01:09:56,Done
24bcs10981,Grade Dispute,2026-08-31 12:03:16,Done
24bcs10683,PDC Issuance,2026-09-06 09:45:32,Done
24bcs12478,Grade Dispute,2026-09-07 11:59:22,Done
24bcs11659,PDC Issuance,2026-08-24 23:55:01,Done
24bcs12296,Grade Dispute,2026-09-01 00:07:30,Done
24bcs11849,Credit Correction,2026-09-03 03:01:18,Done
24bcs11803,PDC Issuance,2026-08-31 22:14:23,Done
24bcs10574,PDC Issuance,2026-09-19 15:57:41,Done
24bcs12175,Credit Correction,2026-08-29 07:43:04,Done
24bcs12189,PDC Issuance,2026-08-12 03:45:28,Done
24bcs12097,PDC Issuance,2026-08-21 22:33:30,Done
24bcs12256,PDC Issuance,2026-08-14 00:59:01,Done
24bcs11814,Credit Correction,2026-08-14 14:04:56,Done
24bcs10705,Credit Correction,2026-09-19 09:42:12,Done
24bcs11010,PDC Issuance,2026-09-04 16:18:54,Done
24bcs11347,PDC Issuance,2026-09-05 04:56:09,Done
24bcs11631,Credit Correction,2026-08-30 01:07:52,Done
24bcs11368,Credit Correction,2026-08-29 10:41:16,Done
24bcs10110,Credit Correction,2026-09-22 03:10:46,Done
24bcs11034,Credit Correction,2026-08-08 03:44:54,Done
24bcs12156,Grade Dispute,2026-08-22 23:45:27,Done
24bcs11027,PDC Issuance,2026-08-23 21:08:12,Done
24bcs11228,Grade Dispute,2026-09-17 01:49:09,Done
24bcs11294,Credit Correction,2026-09-05 23:16:57,Done
24bcs11369,PDC Issuance,2026-08-11 19:51:07,Done
24bcs10027,Grade Dispute,2026-08-11 10:00:04,Done
24bcs10557,Credit Correction,2026-09-09 18:52:50,Done
24bcs11619,Grade Dispute,2026-09-22 08:18:35,Done
24bcs10660,Grade Dispute,2026-09-03 09:50:07,Done
24bcs12439,PDC Issuance,2026-08-02 15:34:49,Done
24bcs12308,PDC Issuance,2026-08-23 08:40:13,Done
24bcs11680,Grade Dispute,2026-08-29 15:28:17,Done
24bcs10422,PDC Issuance,2026-08-20 23:37:12,Done
24bcs10041,Credit Correction,2026-09-18 00:29:26,Done
24bcs10606,Grade Dispute,2026-08-16 13:44:00,Done
24bcs11967,PDC Issuance,2026-08-31 12:05:54,Done
24bcs12260,Grade Dispute,2026-09-21 23:27:58,Done
24bcs10848,Credit Correction,2026-09-09 21:21:00,Done
24bcs12298,Grade Dispute,2026-09-01 15:51:29,Done
24bcs11500,PDC Issuance,2026-08-17 17:51:42,Done
24bcs11058,PDC Issuance,2026-09-03 00:00:49,Done
24bcs11528,Grade Dispute,2026-09-08 13:25:39,Done
24bcs11860,Grade Dispute,2026-09-08 23:48:18,Done
24bcs10099,Grade Dispute,2026-09-06 01:27:46,Done
24bcs10492,Grade Dispute,2026-09-06 23:34:21,Done
24bcs10890,Credit Correction,2026-09-06 20:39:34,Done
24bcs12433,Grade Dispute,2026-08-23 22:33:45,Done
24bcs11759,Credit Correction,2026-08-31 19:04:16,Done
24bcs11705,PDC Issuance,2026-08-07 20:26:58,Done
24bcs11356,PDC Issuance,2026-09-13 05:24:34,Done
24bcs12435,PDC Issuance,2026-08-12 20:32:09,Done
24bcs10909,PDC Issuance,2026-08-21 20:36:35,Done
24bcs12055,Grade Dispute,2026-09-06 23:08:55,Done
24bcs10133,PDC Issuance,2026-08-31 00:55:44,Done
24bcs11958,Credit Correction,2026-08-13 11:22:09,Done
24bcs12352,PDC Issuance,2026-09-18 14:23:01,Done
24bcs10758,Grade Dispute,2026-08-12 12:37:51,Done
24bcs11135,Credit Correction,2026-09-06 22:04:03,Done
24bcs10287,PDC Issuance,2026-09-09 12:55:54,Done
24bcs10758,PDC Issuance,2026-09-07 12:20:10,Done
24bcs11603,Credit Correction,2026-08-25 02:01:30,Done
24bcs10500,PDC Issuance,2026-08-09 09:33:09,Done
24bcs11678,PDC Issuance,2026-09-03 05:48:22,Done
24bcs10456,Credit Correction,2026-08-30 10:21:43,Done
24bcs12477,Grade Dispute,2026-08-31 13:17:30,Done
24bcs11145,Grade Dispute,2026-09-12 18:28:35,Done
24bcs10643,Grade Dispute,2026-08-14 19:48:30,Done
24bcs10451,Grade Dispute,2026-09-08 18:01:54,Done
24bcs10539,Credit Correction,2026-08-14 18:09:52,Done
24bcs11347,Grade Dispute,2026-09-10 05:09:38,Done
24bcs12231,PDC Issuance,2026-08-06 12:59:17,Done
24bcs12141,Credit Correction,2026-08-21 14:39:49,Done
24bcs11998,Credit Correction,2026-09-14 22:13:31,Done
24bcs12193,Credit Correction,2026-09-21 15:54:49,Done
24bcs11368,PDC Issuance,2026-08-10 17:14:20,Done
24bcs11886,Credit Correction,2026-08-22 05:21:38,Done
24bcs12222,Credit Correction,2026-09-14 15:23:51,Done
24bcs10978,Grade Dispute,2026-09-02 21:29:26,Done
24bcs11302,Credit Correction,2026-08-30 10:53:48,Done
24bcs11046,Credit Correction,2026-09-01 19:58:53,Done
24bcs11571,Grade Dispute,2026-08-29 06:38:33,Done
24bcs10446,Credit Correction,2026-08-13 15:16:08,Done
24bcs11048,Grade Dispute,2026-08-03 12:31:51,Done
24bcs11044,PDC Issuance,2026-08-21 19:23:45,Done
24bcs10758,Credit Correction,2026-08-08 22:05:57,Done
24bcs11721,PDC Issuance,2026-09-05 02:06:08,Done
24bcs10123,Grade Dispute,2026-09-08 22:20:39,Done
24bcs10316,PDC Issuance,2026-09-17 13:40:38,Done
24bcs12130,Credit Correction,2026-09-01 23:06:49,Done
24bcs11733,PDC Issuance,2026-09-07 03:09:17,Done
24bcs10400,Grade Dispute,2026-08-18 09:58:07,Done
24bcs11226,PDC Issuance,2026-08-08 03:23:00,Done
24bcs10920,Credit Correction,2026-08-20 00:04:04,Done
24bcs10634,Grade Dispute,2026-08-27 02:03:47,Done
24bcs10099,PDC Issuance,2026-09-16 14:00:27,Done
24bcs12074,Credit Correction,2026-08-28 22:42:06,Done
24bcs10217,Grade Dispute,2026-09-19 09:14:39,Done
24bcs12327,Grade Dispute,2026-08-31 03:01:50,Done
24bcs10309,Credit Correction,2026-09-03 03:01:31,Done
24bcs11882,PDC Issuance,2026-09-02 20:30:39,Done
24bcs12422,Grade Dispute,2026-08-19 09:29:39,Done
24bcs11622,Grade Dispute,2026-09-15 20:50:31,Done
24bcs11965,Grade Dispute,2026-08-17 12:58:13,Done
24bcs11689,Grade Dispute,2026-09-18 15:06:56,Done
24bcs12032,Grade Dispute,2026-09-18 05:19:14,Done
24bcs11064,Grade Dispute,2026-09-18 11:53:29,Done
24bcs11076,Credit Correction,2026-08-12 02:03:41,Done
24bcs12306,Grade Dispute,2026-08-13 13:41:43,Done
24bcs10354,Credit Correction,2026-08-02 10:20:51,Done
24bcs12294,PDC Issuance,2026-09-08 23:53:01,Done
24bcs11595,PDC Issuance,2026-08-17 08:57:07,Done
24bcs10725,PDC Issuance,2026-09-03 12:47:01,Done
24bcs10134,Credit Correction,2026-08-19 07:07:18,Done
24bcs10224,PDC Issuance,2026-09-04 17:34:07,Done
24bcs10439,PDC Issuance,2026-08-29 04:47:54,Done
24bcs10656,PDC Issuance,2026-09-08 20:25:55,Done
24bcs10449,Grade Dispute,2026-09-15 21:09:03,Done
24bcs11464,Credit Correction,2026-09-23 12:17:05,Done
24bcs11598,PDC Issuance,2026-09-09 20:18:17,Done
24bcs10329,Grade Dispute,2026-09-12 17:09:17,Done
24bcs10641,Grade Dispute,2026-08-26 21:04:51,Done
24bcs10370,PDC Issuance,2026-09-22 17:48:58,Done
24bcs11674,PDC Issuance,2026-09-08 07:54:47,Done
24bcs11331,Grade Dispute,2026-08-16 12:28:29,Done
24bcs10059,Credit Correction,2026-08-11 13:09:09,Done
24bcs11129,Credit Correction,2026-09-16 08:31:43,Done
24bcs10340,PDC Issuance,2026-08-16 00:24:58,Done
24bcs11346,Credit Correction,2026-09-01 21:09:57,Done
24bcs10625,Credit Correction,2026-08-18 12:25:50,Done
24bcs10498,PDC Issuance,2026-09-04 17:14:16,Done
24bcs10159,Credit Correction,2026-09-19 22:26:42,Done
24bcs12391,PDC Issuance,2026-09-05 08:45:24,Done
24bcs11070,Grade Dispute,2026-08-23 14:51:31,Done
24bcs11909,Credit Correction,2026-09-21 09:17:59,Done
24bcs10033,Credit Correction,2026-09-17 04:04:17,Done
24bcs10586,Grade Dispute,2026-09-09 16:26:34,Done
24bcs10762,Credit Correction,2026-09-23 11:40:07,Done
24bcs10491,Credit Correction,2026-08-09 02:30:43,Done
24bcs10613,PDC Issuance,2026-09-02 18:58:15,Done
24bcs12108,Credit Correction,2026-09-06 19:26:33,Done
24bcs11364,Credit Correction,2026-09-14 04:37:57,Done
24bcs12036,Credit Correction,2026-08-11 18:33:56,Done
24bcs10338,Credit Correction,2026-08-02 16:40:28,Done
24bcs11476,Grade Dispute,2026-08-16 12:29:33,Done
24bcs10070,Credit Correction,2026-09-23 08:16:51,Done
24bcs11095,PDC Issuance,2026-09-18 06:47:55,Done
24bcs11363,Grade Dispute,2026-08-18 02:36:13,Done
24bcs11494,Grade Dispute,2026-08-25 17:21:44,Done
24bcs11924,PDC Issuance,2026-09-07 20:18:40,Done
24bcs12239,Credit Correction,2026-08-19 20:36:41,Done
24bcs12442,Credit Correction,2026-08-29 13:26:22,Done
24bcs11804,Credit Correction,2026-08-26 21:29:58,Done
24bcs12117,PDC Issuance,2026-08-09 00:41:18,Done
24bcs11250,Credit Correction,2026-09-17 18:30:13,Done
24bcs11321,Credit Correction,2026-08-05 18:29:17,Done
24bcs11339,Grade Dispute,2026-08-27 17:32:31,Done
24bcs12457,Credit Correction,2026-08-23 06:50:56,Done
24bcs12006,PDC Issuance,2026-08-12 16:21:18,Done
24bcs10812,Grade Dispute,2026-09-04 15:58:02,Done
24bcs11938,PDC Issuance,2026-09-23 22:47:47,Done
24bcs11088,Credit Correction,2026-09-10 14:01:34,Done
24bcs10434,Grade Dispute,2026-08-30 05:43:15,Done
24bcs11554,PDC Issuance,2026-09-19 15:25:24,Done
24bcs10453,Credit Correction,2026-09-08 08:18:00,Done
24bcs12194,Grade Dispute,2026-08-14 18:41:04,Done
24bcs10100,Credit Correction,2026-08-23 16:37:43,Done
24bcs10846,PDC Issuance,2026-08-21 03:16:35,Done
24bcs10499,PDC Issuance,2026-09-19 04:58:18,Done
24bcs10841,PDC Issuance,2026-09-08 00:03:02,Done
24bcs10357,Grade Dispute,2026-09-08 13:32:17,Done
24bcs11981,Grade Dispute,2026-09-02 01:49:27,Done
24bcs11717,Grade Dispute,2026-08-10 04:33:50,Done
24bcs11302,Credit Correction,2026-09-08 06:34:46,Done
24bcs12075,Credit Correction,2026-09-11 01:44:29,Done
24bcs10140,Credit Correction,2026-08-23 08:43:36,Done
24bcs11934,Credit Correction,2026-08-26 11:31:47,Done
24bcs11225,Grade Dispute,2026-08-17 17:24:31,Done
24bcs10880,Credit Correction,2026-08-25 19:01:27,Done
24bcs11801,PDC Issuance,2026-09-03 19:02:41,Done
24bcs11537,PDC Issuance,2026-08-15 19:13:53,Done
24bcs12320,PDC Issuance,2026-08-18 18:04:38,Done
24bcs12373,Grade Dispute,2026-09-07 00:29:52,Done
24bcs12129,Credit Correction,2026-08-18 16:27:21,Done
24bcs10713,Grade Dispute,2026-09-14 02:03:02,Done
24bcs10743,Credit Correction,2026-08-11 19:09:20,Done
24bcs10795,Credit Correction,2026-08-17 03:16:55,Done
24bcs11037,Credit Correction,2026-08-23 12:53:46,Done
24bcs11105,PDC Issuance,2026-09-05 07:10:05,Done
24bcs10451,Credit Correction,2026-09-20 13:01:58,Done
24bcs11544,PDC Issuance,2026-08-06 04:43:46,Done
24bcs11772,Credit Correction,2026-09-18 03:48:30,Done
24bcs12314,Grade Dispute,2026-08-26 11:55:13,Done
24bcs10057,Credit Correction,2026-08-18 00:05:41,Done
24bcs12078,Credit Correction,2026-08-26 11:26:24,Done
24bcs11929,Grade Dispute,2026-09-17 06:39:04,Done
24bcs11958,PDC Issuance,2026-09-01 12:08:24,Done
24bcs12212,PDC Issuance,2026-09-14 11:42:10,Done
24bcs11204,Credit Correction,2026-08-27 01:22:12,Done
24bcs12234,PDC Issuance,2026-08-23 01:30:03,Done
24bcs10720,Credit Correction,2026-09-06 00:37:52,Done
24bcs10651,Grade Dispute,2026-09-21 17:28:50,Done
24bcs10350,Credit Correction,2026-09-13 17:33:22,Done
24bcs10709,PDC Issuance,2026-09-10 04:17:44,Done
24bcs10778,Grade Dispute,2026-09-03 12:45:33,Done
24bcs12370,PDC Issuance,2026-08-13 03:45:30,Done
24bcs10389,Grade Dispute,2026-09-12 04:19:21,Done
24bcs12273,Credit Correction,2026-09-06 09:20:57,Done
24bcs11113,Credit Correction,2026-09-07 08:12:35,Done
24bcs10737,PDC Issuance,2026-09-15 05:44:34,Done
24bcs11465,Credit Correction,2026-08-04 07:15:03,Done
24bcs10845,Grade Dispute,2026-09-18 03:37:39,Done
24bcs12375,Grade Dispute,2026-09-21 20:15:23,Done
24bcs10740,Credit Correction,2026-08-14 05:50:01,Done
24bcs11845,Credit Correction,2026-08-12 08:01:20,Done
24bcs11912,Grade Dispute,2026-08-14 09:14:51,Done
24bcs10080,Grade Dispute,2026-09-09 20:01:28,Done
24bcs12177,Grade Dispute,2026-08-08 01:39:23,Done
24bcs11651,Credit Correction,2026-08-10 01:08:52,Done
24bcs11224,Grade Dispute,2026-08-20 15:14:12,Done
24bcs12423,PDC Issuance,2026-08-07 21:14:29,Done
24bcs10815,Credit Correction,2026-08-04 11:58:50,Done
24bcs11429,Grade Dispute,2026-09-08 00:27:17,Done
24bcs10261,Grade Dispute,2026-08-31 19:26:58,Done
24bcs12149,Credit Correction,2026-09-13 12:28:58,Done
24bcs11754,Grade Dispute,2026-09-16 22:47:43,Done
24bcs10410,Grade Dispute,2026-09-09 07:35:52,Done
24bcs11885,PDC Issuance,2026-09-17 15:40:23,Done
24bcs12352,PDC Issuance,2026-08-16 04:58:26,Done
24bcs11479,PDC Issuance,2026-08-11 05:59:48,Done
24bcs12089,Grade Dispute,2026-09-12 10:08:43,Done
24bcs11689,Credit Correction,2026-09-03 14:45:00,Done
24bcs11306,PDC Issuance,2026-08-24 15:43:03,Done
24bcs11173,Grade Dispute,2026-09-18 05:06:22,Done
24bcs10110,Credit Correction,2026-09-21 11:21:17,Done
24bcs10039,PDC Issuance,2026-09-17 05:11:45,Done
24bcs11595,Credit Correction,2026-09-01 23:03:32,Done
24bcs12154,PDC Issuance,2026-09-01 02:29:54,Done
24bcs10559,Credit Correction,2026-08-05 01:36:12,Done
24bcs12350,PDC Issuance,2026-09-02 18:51:59,Done
24bcs10385,Credit Correction,2026-09-04 08:42:57,Done
24bcs11270,PDC Issuance,2026-08-04 11:49:51,Done
24bcs11313,PDC Issuance,2026-09-14 04:56:26,Done
24bcs11066,PDC Issuance,2026-09-15 06:46:19,Done
24bcs10754,Grade Dispute,2026-08-31 19:57:45,Done
24bcs11791,Grade Dispute,2026-08-26 08:35:32,Done
24bcs12269,Credit Correction,2026-08-29 09:39:41,Done
24bcs10049,Credit Correction,2026-08-05 19:01:03,Done
24bcs12354,Grade Dispute,2026-08-27 17:54:28,Done
24bcs10952,PDC Issuance,2026-08-09 05:33:20,Done
24bcs12160,Credit Correction,2026-08-10 13:54:02,Done
24bcs11790,PDC Issuance,2026-09-24 11:17:53,Done
24bcs10946,Grade Dispute,2026-09-16 17:45:33,Done
24bcs11105,Grade Dispute,2026-08-25 03:33:47,Done
24bcs10971,Grade Dispute,2026-08-09 18:57:07,Done
24bcs11994,Credit Correction,2026-08-12 23:07:45,Done
24bcs10344,PDC Issuance,2026-09-01 01:23:09,Done
24bcs11550,Grade Dispute,2026-09-17 17:41:35,Done
24bcs11578,PDC Issuance,2026-08-08 00:26:14,Done
24bcs11490,PDC Issuance,2026-09-08 23:22:54,Done
24bcs11948,PDC Issuance,2026-08-28 09:02:50,Done
24bcs10496,Grade Dispute,2026-08-03 07:42:27,Done
24bcs11368,PDC Issuance,2026-08-13 10:15:18,Done
24bcs10169,PDC Issuance,2026-09-18 09:10:12,Done
24bcs11933,Grade Dispute,2026-08-05 22:47:32,Done
24bcs12262,Credit Correction,2026-08-15 09:29:09,Done
24bcs10157,Grade Dispute,2026-09-13 14:13:46,Done
24bcs10303,Credit Correction,2026-08-27 07:09:54,Done
24bcs10677,Grade Dispute,2026-08-24 16:08:17,Done
24bcs10321,Grade Dispute,2026-08-21 19:10:45,Done
24bcs11353,Grade Dispute,2026-09-07 09:00:47,Done
24bcs12221,Grade Dispute,2026-08-22 13:01:32,Done
24bcs10479,Grade Dispute,2026-08-24 07:41:25,Done
24bcs12329,Credit Correction,2026-08-26 05:51:09,Done
24bcs10039,PDC Issuance,2026-08-16 12:37:20,Done
24bcs12343,Grade Dispute,2026-08-30 01:37:37,Done
24bcs10991,Grade Dispute,2026-08-17 09:14:01,Done
24bcs12260,Grade Dispute,2026-08-07 17:13:48,Done
24bcs10759,PDC Issuance,2026-08-04 10:47:22,Done
24bcs10659,Credit Correction,2026-08-07 14:00:30,Done
24bcs11112,PDC Issuance,2026-09-11 22:42:49,Done
24bcs11400,PDC Issuance,2026-09-23 09:05:10,Done
24bcs10708,Credit Correction,2026-08-13 23:42:50,Done
24bcs10572,Credit Correction,2026-09-20 11:53:43,Done
24bcs10481,PDC Issuance,2026-08-29 20:51:13,Done
24bcs11863,PDC Issuance,2026-08-23 20:09:53,Done
24bcs10049,PDC Issuance,2026-08-19 21:57:19,Done
24bcs10826,Credit Correction,2026-09-06 22:07:59,Done
24bcs11762,Grade Dispute,2026-09-10 18:51:06,Done
24bcs11910,PDC Issuance,2026-08-05 14:56:08,Done
24bcs11432,Credit Correction,2026-08-21 19:15:16,Done
24bcs11546,PDC Issuance,2026-08-22 15:11:57,Done
24bcs10890,PDC Issuance,2026-08-21 10:10:34,Done
24bcs11811,Credit Correction,2026-08-28 15:30:35,Done
24bcs11667,PDC Issuance,2026-09-07 21:29:16,Done
24bcs11418,Credit Correction,2026-08-17 04:29:30,Done
24bcs10558,Credit Correction,2026-08-09 12:33:04,Done
24bcs10242,PDC Issuance,2026-08-10 01:40:57,Done
24bcs12471,Credit Correction,2026-08-28 09:20:53,Done
24bcs11130,Grade Dispute,2026-09-06 05:47:06,Done
24bcs11195,PDC Issuance,2026-08-19 20:43:28,Done
24bcs10062,PDC Issuance,2026-08-06 08:24:49,Done
24bcs10023,PDC Issuance,2026-08-29 16:33:44,Done
24bcs12422,PDC Issuance,2026-08-11 18:58:21,Done
24bcs10530,Credit Correction,2026-09-01 19:51:49,Done
24bcs10909,PDC Issuance,2026-09-04 02:22:10,Done
24bcs12203,Grade Dispute,2026-08-11 18:49:37,Done
24bcs12306,PDC Issuance,2026-08-09 01:44:15,Done
24bcs11981,PDC Issuance,2026-08-18 13:55:33,Done
24bcs10589,Credit Correction,2026-08-27 23:27:41,Done
24bcs11096,Grade Dispute,2026-08-15 00:03:16,Done
24bcs11528,Grade Dispute,2026-08-28 08:00:43,Done
24bcs11692,PDC Issuance,2026-09-15 03:53:22,Done
24bcs12175,Credit Correction,2026-09-11 11:27:49,Done
24bcs10753,PDC Issuance,2026-08-05 19:54:01,Done
24bcs10929,Grade Dispute,2026-09-02 15:22:46,Done
24bcs10366,Grade Dispute,2026-09-23 04:38:29,Done
24bcs11740,Grade Dispute,2026-09-23 01:09:09,Done
24bcs12149,PDC Issuance,2026-09-02 23:47:39,Done
24bcs11654,Credit Correction,2026-08-29 03:26:22,Done
24bcs11689,Grade Dispute,2026-09-12 01:02:54,Done
24bcs10297,Credit Correction,2026-09-14 06:05:03,Done
24bcs11567,PDC Issuance,2026-09-08 04:52:35,Done
24bcs11074,Credit Correction,2026-08-24 13:46:29,Done
24bcs11737,Grade Dispute,2026-08-21 00:47:24,Done
24bcs12060,Grade Dispute,2026-08-13 12:03:25,Done
24bcs10295,PDC Issuance,2026-09-07 11:40:13,Done
24bcs10586,Credit Correction,2026-08-07 15:39:30,Done
24bcs11712,PDC Issuance,2026-08-26 14:20:49,Done
24bcs12333,PDC Issuance,2026-09-06 02:13:54,Done
24bcs10991,Grade Dispute,2026-09-17 20:48:37,Done
24bcs11345,PDC Issuance,2026-09-10 18:54:52,Done
24bcs12305,Grade Dispute,2026-08-18 06:21:06,Done
24bcs12326,PDC Issuance,2026-08-22 06:24:15,Done
24bcs11468,Credit Correction,2026-08-12 08:34:33,Done
24bcs10939,PDC Issuance,2026-08-11 07:52:13,Done
24bcs12278,Grade Dispute,2026-09-08 06:20:14,Done
24bcs11656,Credit Correction,2026-08-31 11:14:24,Done
24bcs10331,Credit Correction,2026-08-07 18:30:58,Done
24bcs10672,Grade Dispute,2026-09-13 01:19:30,Done
24bcs12084,Credit Correction,2026-09-19 01:48:03,Done
24bcs10469,PDC Issuance,2026-08-22 04:37:29,Done
24bcs10028,Credit Correction,2026-09-23 09:13:03,Done
24bcs12138,Credit Correction,2026-09-08 13:16:53,Done
24bcs10470,Grade Dispute,2026-09-22 16:06:06,Done
24bcs10541,Grade Dispute,2026-08-12 21:53:02,Done
24bcs11324,Credit Correction,2026-09-05 17:00:10,Done
24bcs11442,Credit Correction,2026-08-23 23:48:53,Done
24bcs11452,Grade Dispute,2026-09-16 03:02:16,Done
24bcs12110,Grade Dispute,2026-08-20 03:52:03,Done
24bcs12353,PDC Issuance,2026-09-04 04:07:33,Done
24bcs11400,Grade Dispute,2026-08-10 10:30:29,Done
24bcs12052,Credit Correction,2026-09-14 07:00:03,Done
24bcs11754,Grade Dispute,2026-09-18 15:40:23,Done
24bcs12245,Grade Dispute,2026-08-26 17:01:30,Done
24bcs12198,Credit Correction,2026-09-17 16:58:23,Done
24bcs11471,Grade Dispute,2026-08-04 19:55:50,Done
24bcs10181,PDC Issuance,2026-09-03 22:51:36,Done
24bcs10437,Credit Correction,2026-08-08 17:37:06,Done
24bcs10253,Credit Correction,2026-08-14 10:08:34,Done
24bcs10388,PDC Issuance,2026-08-22 19:56:22,Done
24bcs10432,Credit Correction,2026-08-10 20:17:52,Done
24bcs11646,Credit Correction,2026-09-08 14:02:56,Done
24bcs12279,PDC Issuance,2026-09-20 15:57:28,Done
24bcs12394,Grade Dispute,2026-08-26 22:21:17,Done
24bcs10684,PDC Issuance,2026-08-07 13:07:46,Done
24bcs10645,Credit Correction,2026-08-20 18:01:58,Done
24bcs10640,PDC Issuance,2026-09-23 12:36:24,Done
24bcs11493,Credit Correction,2026-08-19 08:20:21,Done
24bcs11652,Credit Correction,2026-09-17 23:02:51,Done
24bcs10196,PDC Issuance,2026-08-26 06:01:31,Done
24bcs11220,PDC Issuance,2026-08-15 04:32:19,Done
24bcs10087,PDC Issuance,2026-09-15 23:25:23,Done
24bcs10985,Credit Correction,2026-09-12 12:14:54,Done
24bcs10006,Grade Dispute,2026-08-27 14:11:34,Done
24bcs11749,Grade Dispute,2026-08-30 03:40:42,Done
24bcs12124,Grade Dispute,2026-08-13 02:29:07,Done
24bcs10761,PDC Issuance,2026-09-01 01:49:02,Done
24bcs10412,Credit Correction,2026-08-19 08:12:27,Done
24bcs10087,PDC Issuance,2026-08-13 02:10:37,Done
24bcs10220,Credit Correction,2026-09-15 16:26:29,Done
24bcs11647,Credit Correction,2026-09-08 22:49:17,Done
24bcs12212,PDC Issuance,2026-08-27 08:39:13,Done
24bcs10094,Credit Correction,2026-08-11 01:08:22,Done
24bcs11927,Credit Correction,2026-09-15 21:32:02,Done
24bcs12107,Grade Dispute,2026-08-10 01:33:48,Done
24bcs10682,Credit Correction,2026-09-19 20:04:09,Done
24bcs11180,Credit Correction,2026-09-09 22:52:05,Done
24bcs10884,Grade Dispute,2026-08-08 22:35:27,Done
24bcs11086,PDC Issuance,2026-08-28 12:07:16,Done
24bcs10634,Credit Correction,2026-08-14 22:33:40,Done
24bcs11474,PDC Issuance,2026-08-12 10:34:40,Done
24bcs11499,PDC Issuance,2026-08-19 11:37:56,Done
24bcs12349,Credit Correction,2026-09-21 02:28:27,Done
24bcs11108,Credit Correction,2026-09-18 18:46:15,Done
24bcs10380,Credit Correction,2026-08-23 23:05:00,Done
24bcs10499,Credit Correction,2026-09-10 01:35:29,Done
24bcs11234,Grade Dispute,2026-09-19 10:44:37,Done
24bcs11691,PDC Issuance,2026-08-17 15:18:03,Done
24bcs10537,Grade Dispute,2026-08-12 21:47:04,Done
24bcs11453,Credit Correction,2026-09-19 01:58:34,Done
24bcs11283,Credit Correction,2026-08-28 04:48:00,Done
24bcs12131,Credit Correction,2026-09-17 20:51:59,Done
24bcs11340,PDC Issuance,2026-09-20 01:10:07,Done
24bcs11736,Grade Dispute,2026-08-14 02:42:25,Done
24bcs10503,PDC Issuance,2026-08-28 07:45:47,Done
24bcs11898,PDC Issuance,2026-08-19 11:20:58,Done
24bcs11901,Credit Correction,2026-08-11 05:53:25,Done
24bcs10129,Credit Correction,2026-09-08 22:09:02,Done
24bcs12256,Grade Dispute,2026-09-12 22:31:02,Done
24bcs11600,Credit Correction,2026-08-12 23:00:04,Done
24bcs11737,PDC Issuance,2026-08-14 19:56:58,Done
24bcs12276,Grade Dispute,2026-09-01 15:44:46,Done
24bcs11703,PDC Issuance,2026-08-15 07:03:34,Done
24bcs12114,Credit Correction,2026-08-04 07:54:59,Done
24bcs10288,Credit Correction,2026-08-26 23:21:42,Done
24bcs10814,Credit Correction,2026-08-27 21:20:55,Done
24bcs10856,Credit Correction,2026-08-14 18:13:05,Done
24bcs10499,Grade Dispute,2026-08-23 20:38:56,Done
24bcs10019,Grade Dispute,2026-08-21 17:55:33,Done
24bcs11511,Grade Dispute,2026-08-22 11:19:57,Done
24bcs11070,Grade Dispute,2026-09-22 05:06:42,Done
24bcs10488,Grade Dispute,2026-08-17 12:19:43,Done
24bcs11921,PDC Issuance,2026-08-05 22:18:27,Done
24bcs10094,Grade Dispute,2026-09-02 23:32:10,Done
24bcs11304,Grade Dispute,2026-08-20 22:29:52,Done
24bcs10962,Grade Dispute,2026-09-15 08:20:10,Done
24bcs12404,Credit Correction,2026-08-07 21:58:30,Done
24bcs10597,PDC Issuance,2026-08-23 21:31:06,Done
24bcs10635,Grade Dispute,2026-08-25 09:19:59,Done
24bcs10050,PDC Issuance,2026-09-12 09:30:00,Done
24bcs11891,Grade Dispute,2026-08-26 17:30:50,Done
24bcs10353,Credit Correction,2026-09-15 12:24:12,Done
24bcs10864,PDC Issuance,2026-09-13 03:08:35,Done
24bcs12333,Credit Correction,2026-08-16 13:34:04,Done
24bcs11805,PDC Issuance,2026-09-01 20:18:24,Done
24bcs11956,Grade Dispute,2026-09-03 03:04:42,Done
24bcs12370,PDC Issuance,2026-09-18 15:56:25,Done
24bcs12094,Grade Dispute,2026-09-14 04:07:28,Done
24bcs12397,PDC Issuance,2026-09-06 15:18:24,Done
24bcs11267,PDC Issuance,2026-08-31 09:35:29,Done
24bcs10466,Grade Dispute,2026-09-04 21:03:14,Done
24bcs11876,Grade Dispute,2026-09-19 22:39:35,Done
24bcs11252,Credit Correction,2026-08-09 21:42:28,Done
24bcs10538,Credit Correction,2026-08-04 15:49:53,Done
24bcs12151,Grade Dispute,2026-09-16 07:43:34,Done
24bcs12043,Grade Dispute,2026-08-27 09:25:24,Done
24bcs11107,PDC Issuance,2026-09-06 09:50:04,Done
24bcs11951,Grade Dispute,2026-09-19 07:22:54,Done
24bcs10065,Credit Correction,2026-08-22 07:36:35,Done
24bcs11704,Grade Dispute,2026-08-26 19:37:22,Done
24bcs11550,Credit Correction,2026-09-06 11:26:21,Done
24bcs11424,PDC Issuance,2026-08-11 01:16:21,Done
24bcs12067,Grade Dispute,2026-08-10 15:37:36,Done
24bcs12498,Grade Dispute,2026-09-19 00:06:50,Done
24bcs12015,PDC Issuance,2026-08-26 20:58:23,Done
24bcs10126,Credit Correction,2026-08-30 03:15:40,Done
24bcs11457,Grade Dispute,2026-08-31 18:35:56,Done
24bcs12250,Grade Dispute,2026-08-11 19:00:21,Done
24bcs11115,Grade Dispute,2026-08-21 12:01:48,Done
24bcs10986,Grade Dispute,2026-09-15 00:47:41,Done
24bcs12247,Grade Dispute,2026-09-18 13:04:00,Done
24bcs11177,Credit Correction,2026-08-28 05:35:55,Done
24bcs12115,PDC Issuance,2026-08-12 14:34:04,Done
24bcs11003,Credit Correction,2026-09-15 06:00:59,Done
24bcs10965,PDC Issuance,2026-09-18 17:20:35,Done
24bcs10479,Grade Dispute,2026-09-10 08:46:31,Done
24bcs10262,Credit Correction,2026-08-28 05:57:17,Done
24bcs10619,PDC Issuance,2026-08-30 06:04:18,Done
24bcs12240,Grade Dispute,2026-08-28 02:35:33,Done
24bcs12304,PDC Issuance,2026-08-24 21:54:01,Done
24bcs10195,Grade Dispute,2026-08-23 15:27:22,Done
24bcs10695,Credit Correction,2026-09-19 17:51:55,Done
24bcs10252,PDC Issuance,2026-08-25 14:48:10,Done
24bcs12081,PDC Issuance,2026-08-30 18:49:45,Done
24bcs11804,Credit Correction,2026-09-04 07:48:25,Done
24bcs11359,Grade Dispute,2026-09-07 14:32:03,Done
24bcs11511,Credit Correction,2026-09-09 11:00:07,Done
24bcs10993,Grade Dispute,2026-08-21 12:51:33,Done
24bcs11885,Credit Correction,2026-08-20 09:17:48,Done
24bcs10289,Credit Correction,2026-08-31 06:10:58,Done
24bcs10525,PDC Issuance,2026-09-17 17:49:04,Done
24bcs10804,Grade Dispute,2026-09-01 07:06:22,Done
24bcs10069,PDC Issuance,2026-09-13 08:28:52,Done
24bcs11589,Credit Correction,2026-09-06 07:18:14,Done
24bcs12170,PDC Issuance,2026-08-27 20:37:57,Done
24bcs10530,Credit Correction,2026-09-19 11:28:57,Done
24bcs12102,Grade Dispute,2026-09-16 01:29:18,Done
24bcs12060,PDC Issuance,2026-08-17 20:20:52,Done
24bcs10427,PDC Issuance,2026-08-23 04:04:04,Done
24bcs11690,Grade Dispute,2026-08-18 05:05:22,Done
24bcs12063,PDC Issuance,2026-09-18 17:00:17,Done
24bcs11757,Credit Correction,2026-09-06 00:00:24,Done
24bcs12278,Grade Dispute,2026-08-30 18:36:28,Done
24bcs12203,Credit Correction,2026-08-17 17:32:40,Done
24bcs10629,Grade Dispute,2026-08-09 13:37:08,Done
24bcs11512,PDC Issuance,2026-09-01 02:46:37,Done
24bcs10443,Credit Correction,2026-08-21 00:57:03,Done
24bcs11871,PDC Issuance,2026-09-05 04:10:43,Done
24bcs10569,PDC Issuance,2026-08-06 13:06:18,Done
24bcs11678,Grade Dispute,2026-09-07 08:27:07,Done
24bcs11753,PDC Issuance,2026-09-20 10:48:00,Done
24bcs12239,Credit Correction,2026-08-12 12:36:06,Done
24bcs10199,PDC Issuance,2026-08-23 10:21:19,Done
24bcs10513,Credit Correction,2026-08-27 18:31:06,Done
24bcs10314,Grade Dispute,2026-08-16 13:01:24,Done
24bcs10262,PDC Issuance,2026-08-21 00:06:33,Done
24bcs11751,PDC Issuance,2026-08-15 04:46:39,Done
24bcs11595,Grade Dispute,2026-08-15 07:43:02,Done
24bcs10561,PDC Issuance,2026-09-02 17:15:57,Done
24bcs10311,PDC Issuance,2026-09-13 14:31:57,Done
24bcs11959,PDC Issuance,2026-09-03 23:02:20,Done
24bcs10486,Grade Dispute,2026-08-15 08:46:16,Done
24bcs11416,Grade Dispute,2026-09-02 06:10:22,Done
24bcs10006,PDC Issuance,2026-09-14 06:32:30,Done
24bcs10750,Credit Correction,2026-08-23 04:22:20,Done
24bcs11747,Credit Correction,2026-09-14 21:12:08,Done
24bcs12124,Credit Correction,2026-08-13 16:08:23,Done
24bcs11985,Credit Correction,2026-09-15 03:53:01,Done
24bcs11822,PDC Issuance,2026-08-31 11:05:47,Done
24bcs10912,PDC Issuance,2026-08-31 00:54:08,Done
24bcs11312,Grade Dispute,2026-08-31 00:01:40,Done
24bcs10755,PDC Issuance,2026-08-25 01:21:31,Done
24bcs11322,Credit Correction,2026-09-20 04:28:41,Done
24bcs10327,PDC Issuance,2026-08-08 01:12:35,Done
24bcs11315,Credit Correction,2026-08-24 06:25:45,Done
24bcs11785,Credit Correction,2026-09-19 20:45:01,Done
24bcs11403,Grade Dispute,2026-09-12 12:08:33,Done
24bcs10722,Credit Correction,2026-08-12 14:04:07,Done
24bcs12201,Credit Correction,2026-08-11 07:48:04,Done
24bcs12385,PDC Issuance,2026-08-08 11:05:26,Done
24bcs11096,Grade Dispute,2026-08-27 06:44:02,Done
24bcs10825,PDC Issuance,2026-09-21 19:31:17,Done
24bcs11230,PDC Issuance,2026-09-12 04:46:31,Done
24bcs11292,Credit Correction,2026-08-28 16:26:11,Done
24bcs10239,PDC Issuance,2026-09-06 13:53:28,Done
24bcs10489,PDC Issuance,2026-09-21 04:08:27,Done
24bcs11076,Grade Dispute,2026-08-23 08:06:31,Done
24bcs10382,Grade Dispute,2026-09-19 12:22:00,Done
24bcs11280,Credit Correction,2026-08-13 08:07:00,Done
24bcs11680,Grade Dispute,2026-08-13 07:55:57,Done
24bcs11170,Credit Correction,2026-08-29 22:51:31,Done
24bcs11607,PDC Issuance,2026-08-21 12:37:05,Done
24bcs10503,Credit Correction,2026-09-11 16:22:12,Done
24bcs10824,Credit Correction,2026-08-16 10:34:40,Done
24bcs10571,Grade Dispute,2026-09-10 04:58:37,Done
24bcs11418,Grade Dispute,2026-08-17 10:09:26,Done
24bcs10333,Credit Correction,2026-08-22 03:01:24,Done
24bcs12149,Grade Dispute,2026-08-27 10:56:29,Done
24bcs11396,Credit Correction,2026-08-24 21:37:27,Done
24bcs10368,Grade Dispute,2026-09-12 08:22:41,Done
24bcs12071,PDC Issuance,2026-08-26 16:56:53,Done
24bcs11929,Credit Correction,2026-09-16 21:10:32,Done
24bcs12197,Credit Correction,2026-08-31 03:58:04,Done
24bcs11579,PDC Issuance,2026-09-02 01:35:49,Done
24bcs11815,PDC Issuance,2026-09-08 11:29:11,Done
24bcs12298,PDC Issuance,2026-08-16 05:09:50,Done
24bcs12313,PDC Issuance,2026-08-17 20:02:00,Done
24bcs10213,Grade Dispute,2026-08-25 07:53:48,Done
24bcs11683,Credit Correction,2026-09-19 01:45:17,Done
24bcs11799,PDC Issuance,2026-08-30 17:27:16,Done
24bcs10526,PDC Issuance,2026-08-25 05:39:10,Done
24bcs11117,PDC Issuance,2026-08-16 02:10:56,Done
24bcs10054,PDC Issuance,2026-08-28 04:38:19,Done
24bcs12452,Grade Dispute,2026-09-16 22:26:57,Done
24bcs10006,PDC Issuance,2026-09-16 23:26:09,Done
24bcs10134,Grade Dispute,2026-09-06 05:41:48,Done
24bcs11727,Grade Dispute,2026-09-18 06:57:14,Done
24bcs11029,PDC Issuance,2026-09-16 19:01:36,Done
24bcs12227,PDC Issuance,2026-09-11 14:43:34,Done
24bcs10813,Credit Correction,2026-09-19 05:04:57,Done
24bcs12125,PDC Issuance,2026-09-24 18:12:25,Done
24bcs11972,Grade Dispute,2026-08-18 16:33:31,Done
24bcs10866,PDC Issuance,2026-09-23 04:50:02,Done
24bcs10202,PDC Issuance,2026-08-30 02:42:51,Done
24bcs11747,Grade Dispute,2026-08-17 04:43:32,Done
24bcs10526,Credit Correction,2026-08-25 05:25:36,Done
24bcs11096,PDC Issuance,2026-08-22 11:44:11,Done
24bcs10727,PDC Issuance,2026-09-21 09:42:38,Done
24bcs10011,PDC Issuance,2026-09-14 08:22:47,Done
24bcs10710,Credit Correction,2026-08-24 04:33:30,Done
24bcs11743,Credit Correction,2026-08-11 17:21:45,Done
24bcs12268,Credit Correction,2026-09-04 02:36:04,Done
24bcs11459,Credit Correction,2026-08-08 10:18:51,Done
24bcs10557,Credit Correction,2026-08-23 15:25:34,Done
24bcs11014,Grade Dispute,2026-08-27 10:52:55,Done
24bcs12285,PDC Issuance,2026-08-23 00:25:02,Done
24bcs12454,PDC Issuance,2026-09-11 11:38:50,Done
24bcs10099,Grade Dispute,2026-08-18 23:49:09,Done
24bcs10815,PDC Issuance,2026-08-27 00:55:02,Done
24bcs11774,Credit Correction,2026-08-23 11:28:05,Done
24bcs10856,Credit Correction,2026-08-15 18:31:00,Done
24bcs11116,PDC Issuance,2026-08-10 14:29:12,Done
24bcs10836,Grade Dispute,2026-08-23 13:30:52,Done
24bcs11430,PDC Issuance,2026-08-20 23:36:48,Done
24bcs12020,Credit Correction,2026-09-21 10:02:50,Done
24bcs12144,Credit Correction,2026-08-06 21:59:18,Done
24bcs12484,PDC Issuance,2026-08-18 21:27:22,Done
24bcs11241,Grade Dispute,2026-08-21 08:03:55,Done
24bcs12320,Credit Correction,2026-08-27 23:11:15,Done
24bcs11218,Credit Correction,2026-08-22 12:12:19,Done
24bcs10405,Credit Correction,2026-08-16 13:54:58,Done
24bcs11160,PDC Issuance,2026-08-27 08:38:17,Done
24bcs10762,Credit Correction,2026-08-11 09:38:53,Done
24bcs10181,PDC Issuance,2026-08-19 05:40:18,Done
24bcs10431,PDC Issuance,2026-08-27 13:19:16,Done
24bcs10487,Credit Correction,2026-08-14 23:20:34,Done
24bcs11651,PDC Issuance,2026-09-07 11:06:31,Done
24bcs11365,Credit Correction,2026-09-13 19:16:20,Done
24bcs10712,PDC Issuance,2026-08-24 06:59:48,Done
24bcs10184,Credit Correction,2026-08-06 22:45:42,Done
24bcs12267,PDC Issuance,2026-09-20 14:16:15,Done
24bcs10586,PDC Issuance,2026-08-17 08:36:01,Done
24bcs12191,Credit Correction,2026-08-30 23:22:13,Done
24bcs11207,PDC Issuance,2026-08-10 07:44:53,Done
24bcs10841,Grade Dispute,2026-09-08 23:07:09,Done
24bcs11417,PDC Issuance,2026-08-17 11:12:34,Done
24bcs12019,PDC Issuance,2026-08-15 09:41:41,Done
24bcs10861,Grade Dispute,2026-09-05 17:06:08,Done
24bcs10687,Grade Dispute,2026-08-09 01:24:21,Done
24bcs11842,PDC Issuance,2026-09-01 03:39:18,Done
24bcs11749,Grade Dispute,2026-08-26 19:35:07,Done
24bcs10896,PDC Issuance,2026-09-10 04:04:41,Done
24bcs12347,Credit Correction,2026-08-13 12:55:45,Done
24bcs11986,PDC Issuance,2026-08-09 23:26:08,Done
24bcs10449,PDC Issuance,2026-09-02 14:15:20,Done
24bcs11875,PDC Issuance,2026-09-18 23:07:36,Done
24bcs12119,PDC Issuance,2026-08-13 15:06:25,Done
24bcs11026,PDC Issuance,2026-09-05 05:18:40,Done
24bcs11452,Grade Dispute,2026-08-16 08:58:35,Done
24bcs12267,Credit Correction,2026-09-05 17:36:12,Done
24bcs11911,PDC Issuance,2026-09-08 09:57:01,Done
24bcs12033,PDC Issuance,2026-08-27 07:37:07,Done
24bcs11051,PDC Issuance,2026-08-06 01:21:43,Done
24bcs11891,Credit Correction,2026-08-17 15:30:57,Done
24bcs10533,PDC Issuance,2026-08-05 21:54:12,Done
24bcs11189,PDC Issuance,2026-08-20 02:47:28,Done
24bcs12383,Credit Correction,2026-08-30 14:42:25,Done
24bcs10815,Grade Dispute,2026-08-26 00:56:56,Done
24bcs10597,Grade Dispute,2026-08-22 01:06:38,Done
24bcs12092,PDC Issuance,2026-09-17 11:44:16,Done
24bcs12463,Credit Correction,2026-08-08 23:41:25,Done
24bcs12159,Grade Dispute,2026-08-22 17:31:07,Done
24bcs12259,Grade Dispute,2026-08-07 04:05:51,Done
24bcs10525,PDC Issuance,2026-09-02 07:04:50,Done
24bcs11483,Credit Correction,2026-09-20 06:43:02,Done
24bcs10740,PDC Issuance,2026-08-04 04:42:05,Done
24bcs10645,PDC Issuance,2026-09-20 18:22:58,Done
24bcs11260,Credit Correction,2026-09-01 21:52:19,Done
24bcs11785,PDC Issuance,2026-09-23 17:57:54,Done
24bcs10257,PDC Issuance,2026-09-10 05:40:08,Done
24bcs11075,PDC Issuance,2026-08-08 00:11:29,Done
24bcs11801,PDC Issuance,2026-09-18 14:13:18,Done
24bcs10405,Grade Dispute,2026-08-07 19:44:04,Done
24bcs12002,Credit Correction,2026-09-05 22:26:44,Done
24bcs10622,Grade Dispute,2026-08-04 15:43:58,Done
24bcs11970,PDC Issuance,2026-09-18 11:44:51,Done
24bcs10282,Credit Correction,2026-08-29 13:05:34,Done
24bcs11074,Grade Dispute,2026-08-15 14:29:07,Done
24bcs11681,Credit Correction,2026-09-15 16:26:13,Done
24bcs10387,Grade Dispute,2026-09-02 09:47:54,Done
24bcs10749,Credit Correction,2026-09-17 21:33:09,Done
24bcs10024,PDC Issuance,2026-08-16 13:08:54,Done
24bcs10549,Credit Correction,2026-08-17 05:54:55,Done
24bcs11598,Credit Correction,2026-09-03 10:01:15,Done
24bcs10162,PDC Issuance,2026-09-02 18:08:43,Done
24bcs11079,Grade Dispute,2026-09-18 10:20:22,Done
24bcs12085,PDC Issuance,2026-08-28 06:46:57,Done
24bcs11907,Credit Correction,2026-08-16 01:24:33,Done
24bcs10183,PDC Issuance,2026-08-30 18:13:22,Done
24bcs11421,PDC Issuance,2026-09-20 00:07:08,Done
24bcs11209,PDC Issuance,2026-09-01 21:09:05,Done
24bcs10521,Credit Correction,2026-09-12 13:49:25,Done
24bcs10062,Credit Correction,2026-08-14 00:59:38,Done
24bcs10987,Credit Correction,2026-09-13 18:33:37,Done
24bcs12298,Credit Correction,2026-09-01 04:04:34,Done
24bcs10287,Credit Correction,2026-09-03 16:49:26,Done
24bcs12021,Grade Dispute,2026-09-22 03:43:01,Done
24bcs11135,Grade Dispute,2026-08-08 17:08:38,Done
24bcs10520,PDC Issuance,2026-09-10 15:25:06,Done
24bcs11158,PDC Issuance,2026-09-05 16:25:25,Done
24bcs11915,Credit Correction,2026-08-23 07:21:56,Done
24bcs10028,PDC Issuance,2026-08-03 10:56:00,Done
24bcs12224,Grade Dispute,2026-09-14 12:50:16,Done
24bcs10129,Grade Dispute,2026-09-08 04:01:55,Done
24bcs11725,PDC Issuance,2026-08-13 10:50:41,Done
24bcs11388,Grade Dispute,2026-09-13 16:23:01,Done
24bcs12217,PDC Issuance,2026-09-12 23:21:23,Done
24bcs12359,PDC Issuance,2026-08-17 04:18:30,Done
24bcs10859,Credit Correction,2026-09-01 05:09:13,Done
24bcs11280,Credit Correction,2026-08-11 07:24:58,Done
24bcs11010,Grade Dispute,2026-09-08 21:26:37,Done
24bcs10380,Grade Dispute,2026-08-14 10:56:55,Done
24bcs10393,PDC Issuance,2026-08-09 07:26:22,Done
24bcs10460,Grade Dispute,2026-08-13 15:40:26,Done
24bcs10960,PDC Issuance,2026-09-11 13:55:27,Done
24bcs11201,Grade Dispute,2026-08-13 21:12:31,Done
24bcs10728,Grade Dispute,2026-09-18 19:15:29,Done
24bcs11149,Credit Correction,2026-08-14 01:47:53,Done
24bcs10749,Grade Dispute,2026-08-26 14:39:43,Done
24bcs12088,Credit Correction,2026-08-03 09:19:11,Done
24bcs12350,PDC Issuance,2026-09-23 11:19:31,Done
24bcs11099,Grade Dispute,2026-08-20 16:35:10,Done
24bcs10697,Grade Dispute,2026-09-14 16:23:53,Done
24bcs11579,Grade Dispute,2026-08-22 20:17:57,Done
24bcs10275,PDC Issuance,2026-08-28 20:27:44,Done
24bcs11165,Credit Correction,2026-08-13 03:53:46,Done
24bcs10098,Grade Dispute,2026-09-06 13:52:51,Done
24bcs12060,PDC Issuance,2026-08-24 11:06:29,Done
24bcs10902,Credit Correction,2026-08-06 14:16:27,Done
24bcs10429,Grade Dispute,2026-09-02 14:41:02,Done
24bcs10227,Credit Correction,2026-09-03 18:43:45,Done
24bcs11022,PDC Issuance,2026-09-20 09:12:47,Done
24bcs11238,Grade Dispute,2026-08-16 09:03:17,Done
24bcs11708,Grade Dispute,2026-08-10 11:42:40,Done
24bcs11978,Grade Dispute,2026-08-22 07:59:01,Done
24bcs11465,Grade Dispute,2026-08-06 11:31:29,Done
24bcs12288,Grade Dispute,2026-09-21 10:36:38,Done
24bcs12386,Credit Correction,2026-08-26 16:59:10,Done
24bcs10644,Credit Correction,2026-09-08 19:54:36,Done
24bcs10875,Credit Correction,2026-09-15 09:23:29,Done
24bcs11758,Grade Dispute,2026-08-08 02:21:46,Done
24bcs10295,Grade Dispute,2026-09-02 10:01:00,Done
24bcs10284,Grade Dispute,2026-08-05 01:17:27,Done
24bcs10538,PDC Issuance,2026-08-26 09:48:04,Done
24bcs11338,Credit Correction,2026-08-25 10:15:57,Done
24bcs12445,Credit Correction,2026-08-26 10:49:02,Done
24bcs11386,Grade Dispute,2026-08-15 05:40:46,Done
24bcs12461,PDC Issuance,2026-08-18 01:05:52,Done
24bcs12488,Credit Correction,2026-09-20 23:19:37,Done
24bcs10669,Grade Dispute,2026-08-02 12:18:54,Done
24bcs10531,Grade Dispute,2026-09-16 05:34:02,Done
24bcs10422,PDC Issuance,2026-08-12 13:09:55,Done
24bcs12427,Credit Correction,2026-08-30 03:12:06,Done
24bcs11471,Credit Correction,2026-08-08 06:39:41,Done
24bcs12450,Grade Dispute,2026-09-12 22:20:03,Done
24bcs10607,Grade Dispute,2026-08-21 02:03:43,Done
24bcs11392,PDC Issuance,2026-09-13 02:40:46,Done
24bcs11787,Credit Correction,2026-09-06 19:30:15,Done
24bcs10205,PDC Issuance,2026-09-20 20:32:50,Done
24bcs10372,Credit Correction,2026-08-09 04:37:27,Done
24bcs12361,Credit Correction,2026-08-13 08:23:49,Done
24bcs10268,Grade Dispute,2026-08-21 02:13:36,Done
24bcs12255,Grade Dispute,2026-09-13 19:09:17,Done
24bcs10753,PDC Issuance,2026-08-19 23:27:00,Done
24bcs10837,Credit Correction,2026-09-16 02:24:24,Done
24bcs12269,PDC Issuance,2026-08-26 16:47:17,Done
24bcs11387,PDC Issuance,2026-09-20 19:02:21,Done
24bcs10253,Grade Dispute,2026-08-24 11:13:14,Done
24bcs10733,PDC Issuance,2026-09-12 02:02:29,Done
24bcs12498,PDC Issuance,2026-08-16 07:24:19,Done
24bcs11212,PDC Issuance,2026-09-10 12:56:31,Done
24bcs10007,Credit Correction,2026-08-20 14:38:57,Done
24bcs11596,Credit Correction,2026-09-08 09:28:57,Done
24bcs10676,Credit Correction,2026-09-17 23:10:05,Done
24bcs10202,PDC Issuance,2026-08-29 08:52:18,Done
24bcs11072,PDC Issuance,2026-09-08 18:12:15,Done
24bcs12191,PDC Issuance,2026-08-06 04:55:07,Done
24bcs10529,Grade Dispute,2026-09-21 16:26:12,Done
24bcs10155,Credit Correction,2026-08-26 17:32:49,Done
24bcs10673,PDC Issuance,2026-09-09 13:57:43,Done
24bcs11313,Credit Correction,2026-09-07 20:17:30,Done
24bcs11480,Credit Correction,2026-08-19 04:32:15,Done
24bcs11306,Grade Dispute,2026-08-14 21:19:10,Done
24bcs12073,Grade Dispute,2026-09-09 18:20:09,Done
24bcs10037,Credit Correction,2026-09-08 18:47:05,Done
24bcs10268,PDC Issuance,2026-08-25 13:06:58,Done
24bcs12242,Grade Dispute,2026-09-11 19:38:57,Done
24bcs11684,Grade Dispute,2026-09-21 06:21:17,Done
24bcs10384,PDC Issuance,2026-09-12 17:28:32,Done
24bcs10936,PDC Issuance,2026-08-09 11:32:58,Done
24bcs10906,Grade Dispute,2026-09-08 20:47:33,Done
24bcs12062,Credit Correction,2026-09-11 22:40:13,Done
24bcs11217,PDC Issuance,2026-09-10 03:22:16,Done
24bcs10232,PDC Issuance,2026-08-24 16:06:32,Done
24bcs11550,PDC Issuance,2026-08-18 15:52:18,Done
24bcs10686,Credit Correction,2026-09-05 01:13:23,Done
24bcs10575,Grade Dispute,2026-08-19 14:32:42,Done
24bcs10006,Credit Correction,2026-08-03 07:30:37,Done
24bcs10370,PDC Issuance,2026-08-29 16:38:39,Done
24bcs10877,PDC Issuance,2026-08-26 22:04:32,Done
24bcs12450,Credit Correction,2026-09-11 18:36:38,Done
24bcs11909,Grade Dispute,2026-09-05 13:36:55,Done
24bcs10991,Grade Dispute,2026-09-03 18:19:57,Done
24bcs11943,Credit Correction,2026-09-11 16:31:09,Done
24bcs12130,Credit Correction,2026-08-27 07:57:27,Done
24bcs12127,Credit Correction,2026-08-24 12:15:55,Done
24bcs11004,PDC Issuance,2026-08-29 20:57:19,Done
24bcs12297,PDC Issuance,2026-08-20 21:25:01,Done
24bcs12339,Grade Dispute,2026-09-09 10:06:53,Done
24bcs10995,PDC Issuance,2026-08-24 10:25:32,Done
24bcs11212,Credit Correction,2026-09-23 23:26:19,Done
24bcs11864,Grade Dispute,2026-08-17 08:05:38,Done
24bcs11005,Credit Correction,2026-09-09 03:15:42,Done
24bcs11455,Grade Dispute,2026-09-12 23:30:24,Done
24bcs10429,Credit Correction,2026-08-24 02:30:37,Done
24bcs10589,PDC Issuance,2026-08-14 13:58:50,Done
24bcs11299,PDC Issuance,2026-09-12 13:26:29,Done
24bcs10431,Credit Correction,2026-09-23 21:31:07,Done
24bcs12082,PDC Issuance,2026-08-18 22:22:35,Done
24bcs11845,PDC Issuance,2026-09-23 18:43:22,Done
24bcs10249,PDC Issuance,2026-08-28 19:19:26,Done
24bcs11855,PDC Issuance,2026-09-13 01:03:55,Done
24bcs12276,PDC Issuance,2026-08-10 04:17:28,Done
24bcs10505,Credit Correction,2026-09-14 13:36:59,Done
24bcs12333,Credit Correction,2026-09-13 18:45:29,Done
24bcs11902,Grade Dispute,2026-09-15 13:17:11,Done
24bcs10709,Credit Correction,2026-09-18 21:23:06,Done
24bcs10465,Grade Dispute,2026-08-26 08:06:55,Done
24bcs12058,Credit Correction,2026-08-30 23:03:58,Done
24bcs12019,PDC Issuance,2026-08-05 07:16:55,Done
24bcs11002,Grade Dispute,2026-09-07 23:40:38,Done
24bcs11576,Credit Correction,2026-09-19 18:25:01,Done
24bcs10190,Grade Dispute,2026-08-24 08:22:57,Done
24bcs10165,Grade Dispute,2026-08-10 20:10:21,Done
24bcs12366,Credit Correction,2026-08-18 08:02:17,Done
24bcs12271,Grade Dispute,2026-08-29 00:01:02,Done
24bcs11094,PDC Issuance,2026-08-25 20:20:46,Done
24bcs11938,Credit Correction,2026-08-28 07:02:31,Done
24bcs11797,PDC Issuance,2026-09-20 20:48:12,Done
24bcs12492,Grade Dispute,2026-09-17 01:13:31,Done
24bcs10261,PDC Issuance,2026-09-14 23:29:14,Done
24bcs11382,Grade Dispute,2026-08-10 15:44:45,Done
24bcs11819,Grade Dispute,2026-08-24 15:07:00,Done
24bcs11578,Credit Correction,2026-08-22 17:47:24,Done
24bcs12459,PDC Issuance,2026-09-23 19:37:11,Done
24bcs11626,Credit Correction,2026-08-29 18:37:22,Done
24bcs10219,Credit Correction,2026-09-20 13:00:16,Done
24bcs11606,PDC Issuance,2026-09-10 06:25:38,Done
24bcs12185,Grade Dispute,2026-09-09 10:11:19,Done
24bcs11356,PDC Issuance,2026-08-12 00:13:01,Done
24bcs11850,Grade Dispute,2026-09-12 21:30:57,Done
24bcs10575,PDC Issuance,2026-08-27 23:55:33,Done
24bcs11031,PDC Issuance,2026-08-07 13:40:53,Done
24bcs10827,Credit Correction,2026-08-20 08:36:34,Done
24bcs10707,PDC Issuance,2026-08-04 11:28:30,Done
24bcs11788,Credit Correction,2026-08-26 15:54:39,Done
24bcs12061,Grade Dispute,2026-09-23 14:13:03,Done
24bcs10759,PDC Issuance,2026-08-31 02:49:07,Done
24bcs11309,PDC Issuance,2026-08-26 19:01:12,Done
24bcs12325,Credit Correction,2026-08-15 08:06:29,Done
24bcs12252,Grade Dispute,2026-08-07 04:28:12,Done
24bcs11556,PDC Issuance,2026-08-16 19:32:48,Done
24bcs10708,PDC Issuance,2026-09-05 21:41:38,Done
24bcs11104,Credit Correction,2026-08-24 08:11:18,Done
24bcs12200,Grade Dispute,2026-09-05 05:57:20,Done
24bcs11378,Grade Dispute,2026-09-20 15:23:17,Done
24bcs12303,Credit Correction,2026-08-17 00:10:56,Done
24bcs12292,Grade Dispute,2026-08-12 12:29:12,Done
24bcs12312,Credit Correction,2026-08-06 18:09:41,Done
24bcs11904,Grade Dispute,2026-09-13 15:31:16,Done
24bcs12335,Credit Correction,2026-09-13 06:45:12,Done
24bcs10782,PDC Issuance,2026-09-07 13:00:27,Done
24bcs10162,PDC Issuance,2026-09-09 13:49:36,Done
24bcs11948,Grade Dispute,2026-08-10 03:38:05,Done
24bcs12254,Credit Correction,2026-08-24 10:57:48,Done
24bcs12374,Credit Correction,2026-08-17 06:16:16,Done
24bcs11230,Grade Dispute,2026-09-09 13:29:19,Done
24bcs10218,Grade Dispute,2026-08-24 06:22:55,Done
24bcs11966,Grade Dispute,2026-08-06 04:40:28,Done
24bcs11331,Grade Dispute,2026-09-12 03:40:57,Done
24bcs11502,Credit Correction,2026-08-31 08:55:12,Done
24bcs10260,PDC Issuance,2026-09-21 22:54:28,Done
24bcs11959,Grade Dispute,2026-08-29 04:36:02,Done
24bcs11645,Grade Dispute,2026-09-14 12:50:24,Done
24bcs11778,Credit Correction,2026-09-16 12:21:34,Done
24bcs11555,PDC Issuance,2026-08-07 15:16:05,Done
24bcs11563,Credit Correction,2026-08-22 20:36:55,Done
24bcs10398,Grade Dispute,2026-09-19 03:38:37,Done
24bcs11428,Credit Correction,2026-08-29 17:39:01,Done
24bcs10933,Grade Dispute,2026-09-03 18:38:57,Done
24bcs10126,Credit Correction,2026-09-12 14:45:54,Done
24bcs11562,Grade Dispute,2026-08-13 11:41:44,Done
24bcs12129,Grade Dispute,2026-08-19 05:45:46,Done
24bcs11718,Credit Correction,2026-09-14 10:47:50,Done
24bcs10824,PDC Issuance,2026-08-23 03:00:27,Done
24bcs11512,Credit Correction,2026-08-09 01:02:01,Done
24bcs10540,Credit Correction,2026-08-28 13:45:18,Done
24bcs11270,Grade Dispute,2026-08-26 04:41:26,Done
24bcs10032,PDC Issuance,2026-09-14 13:13:38,Done
24bcs10107,PDC Issuance,2026-08-20 04:35:26,Done
24bcs10565,Grade Dispute,2026-09-16 18:37:49,Done
24bcs10654,PDC Issuance,2026-09-22 03:32:31,Done
24bcs11808,Grade Dispute,2026-08-25 20:25:29,Done
24bcs11844,Credit Correction,2026-09-09 19:14:51,Done
24bcs11932,PDC Issuance,2026-09-12 01:39:36,Done
24bcs10844,PDC Issuance,2026-08-25 06:08:02,Done
24bcs11367,Grade Dispute,2026-08-17 22:22:44,Done
24bcs10558,PDC Issuance,2026-08-16 17:01:25,Done
24bcs10919,PDC Issuance,2026-09-20 15:41:11,Done
24bcs11080,Grade Dispute,2026-09-09 22:20:49,Done
24bcs12420,PDC Issuance,2026-09-15 03:01:37,Done
24bcs11122,Credit Correction,2026-08-07 14:20:07,Done
24bcs11992,Credit Correction,2026-09-13 20:12:32,Done
24bcs10276,Grade Dispute,2026-09-15 14:46:47,Done
24bcs10209,Grade Dispute,2026-08-10 18:38:02,Done
24bcs11746,Credit Correction,2026-08-22 21:30:38,Done
24bcs12097,Grade Dispute,2026-08-05 01:48:02,Done
24bcs11110,PDC Issuance,2026-09-15 10:07:10,Done
24bcs11122,Credit Correction,2026-09-07 18:01:42,Done
24bcs12071,Credit Correction,2026-08-24 03:14:29,Done
24bcs11133,Grade Dispute,2026-08-21 22:13:18,Done
24bcs10429,PDC Issuance,2026-08-11 21:17:31,Done
24bcs10518,Grade Dispute,2026-09-20 23:16:00,Done
24bcs10412,Grade Dispute,2026-09-11 15:51:34,Done
24bcs11528,Credit Correction,2026-08-30 13:38:10,Done
24bcs12170,Credit Correction,2026-08-07 12:49:20,Done
24bcs11007,Grade Dispute,2026-09-07 22:47:53,Done
24bcs11509,PDC Issuance,2026-08-25 06:33:40,Done
24bcs11784,Credit Correction,2026-09-05 21:14:09,Done
24bcs11458,PDC Issuance,2026-08-30 23:27:38,Done
24bcs12068,Credit Correction,2026-09-07 14:17:06,Done
24bcs11744,Grade Dispute,2026-08-14 00:10:46,Done
24bcs11959,Credit Correction,2026-08-14 19:33:40,Done
24bcs10391,Grade Dispute,2026-09-22 01:25:56,Done
24bcs11246,Credit Correction,2026-08-09 16:33:53,Done
24bcs11516,PDC Issuance,2026-09-22 17:24:42,Done
24bcs11065,Grade Dispute,2026-08-20 00:26:18,Done
24bcs12312,Credit Correction,2026-08-16 07:07:53,Done
24bcs11602,PDC Issuance,2026-09-18 02:14:43,Done
24bcs11629,Grade Dispute,2026-09-10 17:06:50,Done
24bcs11003,Grade Dispute,2026-08-02 11:42:27,Done
24bcs11281,Credit Correction,2026-08-04 18:54:38,Done
24bcs11501,PDC Issuance,2026-08-31 11:45:20,Done
24bcs10295,PDC Issuance,2026-08-30 20:44:14,Done
24bcs11476,Grade Dispute,2026-09-15 11:35:08,Done
24bcs11372,PDC Issuance,2026-09-07 21:39:59,Done
24bcs11095,PDC Issuance,2026-09-09 19:17:47,Done
24bcs12281,Grade Dispute,2026-09-16 17:35:01,Done
24bcs10866,Credit Correction,2026-09-07 04:46:55,Done
24bcs10936,Credit Correction,2026-09-09 10:49:45,Done
24bcs12390,Grade Dispute,2026-08-07 05:00:49,Done
24bcs10180,Grade Dispute,2026-08-21 11:14:22,Done
24bcs10533,PDC Issuance,2026-08-12 17:45:27,Done
24bcs10275,Credit Correction,2026-09-14 02:21:21,Done
24bcs10774,Grade Dispute,2026-08-17 02:45:22,Done
24bcs10871,Credit Correction,2026-08-17 20:40:47,Done
24bcs11098,Credit Correction,2026-08-18 13:09:15,Done
24bcs10502,Credit Correction,2026-09-09 08:42:31,Done
24bcs11307,Grade Dispute,2026-09-15 20:10:49,Done
24bcs10431,Credit Correction,2026-08-15 19:34:28,Done
24bcs12345,Credit Correction,2026-08-26 13:38:06,Done
24bcs10065,PDC Issuance,2026-09-04 16:48:15,Done
24bcs12247,PDC Issuance,2026-09-19 16:23:26,Done
24bcs10125,Grade Dispute,2026-08-20 05:02:34,Done
24bcs10101,Grade Dispute,2026-09-16 16:35:21,Done
24bcs12048,Credit Correction,2026-08-08 15:26:12,Done
24bcs10874,Credit Correction,2026-09-17 22:59:54,Done
24bcs12070,PDC Issuance,2026-08-18 00:08:46,Done
24bcs10277,Grade Dispute,2026-08-19 03:29:31,Done
24bcs12211,PDC Issuance,2026-09-02 01:42:08,Done
24bcs12263,PDC Issuance,2026-09-06 10:32:08,Done
24bcs11329,PDC Issuance,2026-08-26 03:26:54,Done
24bcs10324,Grade Dispute,2026-08-10 06:11:53,Done
24bcs10302,Credit Correction,2026-08-26 22:44:00,Done
24bcs12214,Grade Dispute,2026-08-13 13:01:07,Done
24bcs10326,Credit Correction,2026-09-14 11:10:30,Done
24bcs10839,PDC Issuance,2026-09-16 21:04:27,Done
24bcs10226,Grade Dispute,2026-08-06 21:27:44,Done
24bcs12096,Credit Correction,2026-08-12 02:15:19,Done
24bcs12133,PDC Issuance,2026-08-19 21:49:35,Done
24bcs12350,Grade Dispute,2026-09-15 03:29:18,Done
24bcs11446,Credit Correction,2026-08-19 18:27:14,Done
24bcs10759,Credit Correction,2026-08-10 08:56:38,Done
24bcs11788,Grade Dispute,2026-08-16 07:41:20,Done
24bcs10391,PDC Issuance,2026-08-08 10:06:29,Done
24bcs12446,PDC Issuance,2026-08-23 01:10:25,Done
24bcs10200,Grade Dispute,2026-09-19 00:18:43,Done
24bcs11523,Grade Dispute,2026-08-30 01:44:09,Done
24bcs11020,Grade Dispute,2026-08-31 09:04:57,Done
24bcs12291,Grade Dispute,2026-09-14 00:20:01,Done
24bcs12368,Grade Dispute,2026-09-17 17:46:27,Done
24bcs10914,Grade Dispute,2026-09-16 13:46:55,Done
24bcs12128,PDC Issuance,2026-08-15 08:44:18,Done
24bcs10127,Credit Correction,2026-09-03 20:08:01,Done
24bcs10179,Credit Correction,2026-08-28 18:09:39,Done
24bcs10576,Grade Dispute,2026-08-27 08:39:09,Done
24bcs11216,Grade Dispute,2026-08-19 06:56:00,Done
24bcs11682,Grade Dispute,2026-08-29 20:37:18,Done
24bcs12352,Grade Dispute,2026-08-11 03:54:25,Done
24bcs11619,Grade Dispute,2026-09-10 05:38:09,Done
24bcs11612,PDC Issuance,2026-09-01 15:47:00,Done
24bcs11993,Credit Correction,2026-09-17 09:34:16,Done
24bcs12429,Grade Dispute,2026-08-04 12:55:49,Done
24bcs11371,PDC Issuance,2026-08-07 05:58:18,Done
24bcs12258,Grade Dispute,2026-08-07 05:40:33,Done
24bcs11249,Credit Correction,2026-08-13 10:18:08,Done
24bcs12272,PDC Issuance,2026-08-29 01:07:34,Done
24bcs10737,Grade Dispute,2026-09-03 08:35:03,Done
24bcs12387,PDC Issuance,2026-08-31 00:35:11,Done
24bcs12268,Credit Correction,2026-08-20 13:01:09,Done
24bcs12210,Credit Correction,2026-08-16 23:04:09,Done
24bcs10218,Grade Dispute,2026-09-10 12:22:46,Done
24bcs12174,Grade Dispute,2026-08-28 07:08:44,Done
24bcs10534,Credit Correction,2026-08-12 14:53:35,Done
24bcs10825,Credit Correction,2026-09-09 16:41:23,Done
24bcs12202,Grade Dispute,2026-08-31 00:41:34,Done
24bcs10430,Grade Dispute,2026-08-08 04:23:07,Done
24bcs10629,Grade Dispute,2026-08-16 19:17:41,Done
24bcs10665,Grade Dispute,2026-09-13 06:32:01,Done
24bcs12060,Credit Correction,2026-08-31 18:56:53,Done
24bcs10279,PDC Issuance,2026-08-25 19:18:47,Done
24bcs10805,Credit Correction,2026-09-05 10:11:11,Done
24bcs11494,Grade Dispute,2026-09-10 10:50:44,Done
24bcs12026,Grade Dispute,2026-08-10 20:21:08,Done
24bcs10038,PDC Issuance,2026-09-15 14:23:42,Done
24bcs12377,PDC Issuance,2026-08-08 14:21:42,Done
24bcs11968,PDC Issuance,2026-08-04 06:56:10,Done
24bcs12229,PDC Issuance,2026-09-06 16:15:51,Done
24bcs11607,Grade Dispute,2026-09-20 17:52:41,Done
24bcs10665,PDC Issuance,2026-08-13 04:43:59,Done
24bcs11780,PDC Issuance,2026-08-27 06:50:26,Done
24bcs12270,Grade Dispute,2026-09-16 18:36:04,Done
24bcs11948,PDC Issuance,2026-08-10 12:40:43,Done
24bcs10850,Credit Correction,2026-08-27 11:24:14,Done
24bcs11234,Grade Dispute,2026-08-12 18:05:45,Done
24bcs11606,Credit Correction,2026-08-13 05:46:18,Done
24bcs11021,Grade Dispute,2026-09-18 10:46:19,Done
24bcs10825,Grade Dispute,2026-08-20 12:47:57,Done
24bcs10157,Grade Dispute,2026-09-16 15:31:18,Done
24bcs10806,Grade Dispute,2026-08-21 11:02:14,Done
24bcs12174,Credit Correction,2026-08-23 22:09:29,Done
24bcs12363,PDC Issuance,2026-09-17 10:37:35,Done
24bcs12356,Grade Dispute,2026-08-26 11:34:09,Done
24bcs10387,Credit Correction,2026-09-01 05:57:35,Done
24bcs10019,Grade Dispute,2026-09-17 13:21:38,Done
24bcs10886,Grade Dispute,2026-08-25 06:38:41,Done
24bcs11280,Credit Correction,2026-09-12 02:58:34,Done
24bcs11388,Credit Correction,2026-08-24 13:41:22,Done
24bcs10658,Credit Correction,2026-08-16 09:24:45,Done
24bcs12381,Credit Correction,2026-08-18 00:47:17,Done
24bcs12237,Grade Dispute,2026-09-11 16:26:57,Done
24bcs11129,Grade Dispute,2026-09-07 07:29:35,Done
24bcs10789,PDC Issuance,2026-08-26 04:49:49,Done
24bcs11008,PDC Issuance,2026-08-24 19:37:21,Done
24bcs12145,Credit Correction,2026-08-20 13:32:00,Done
24bcs11782,PDC Issuance,2026-08-04 07:13:04,Done
24bcs10672,Grade Dispute,2026-08-28 12:51:13,Done
24bcs11603,PDC Issuance,2026-08-18 04:49:24,Done
24bcs11813,Grade Dispute,2026-08-23 03:11:28,Done
24bcs11739,PDC Issuance,2026-09-20 05:06:02,Done
24bcs11636,Credit Correction,2026-08-04 08:35:38,Done
24bcs11379,Credit Correction,2026-08-04 15:17:21,Done
24bcs10737,Credit Correction,2026-08-28 08:22:53,Done
24bcs12394,Credit Correction,2026-09-20 05:27:31,Done
24bcs11263,Credit Correction,2026-08-18 13:45:29,Done
24bcs11131,PDC Issuance,2026-08-31 09:48:41,Done
24bcs11932,Grade Dispute,2026-08-25 01:39:15,Done
24bcs10426,PDC Issuance,2026-08-23 21:41:00,Done
24bcs11556,Grade Dispute,2026-08-30 19:15:59,Done
24bcs10543,PDC Issuance,2026-09-17 05:09:25,Done
24bcs10367,PDC Issuance,2026-08-10 03:13:47,Done
24bcs11644,Credit Correction,2026-08-14 21:18:44,Done
24bcs12435,PDC Issuance,2026-08-29 18:26:20,Done
24bcs12008,Credit Correction,2026-08-22 23:38:27,Done
24bcs11395,Credit Correction,2026-08-08 18:35:45,Done
24bcs11206,Grade Dispute,2026-08-06 14:41:14,Done
24bcs12427,Credit Correction,2026-08-10 10:59:54,Done
24bcs10236,PDC Issuance,2026-08-11 13:00:34,Done
24bcs11633,PDC Issuance,2026-09-18 06:54:17,Done
24bcs10262,Grade Dispute,2026-09-23 16:44:23,Done
24bcs12296,Grade Dispute,2026-08-22 22:23:59,Done
24bcs12000,Credit Correction,2026-09-08 19:20:25,Done
24bcs11603,Grade Dispute,2026-09-08 06:25:19,Done
24bcs12282,Credit Correction,2026-09-02 17:41:52,Done
24bcs12172,Credit Correction,2026-08-09 20:52:38,Done
24bcs11126,Credit Correction,2026-09-03 11:09:27,Done
24bcs10552,Credit Correction,2026-08-11 16:15:50,Done
24bcs10449,PDC Issuance,2026-08-29 13:15:36,Done
24bcs10941,Credit Correction,2026-09-04 22:10:00,Done
24bcs10225,Credit Correction,2026-08-27 09:41:44,Done
24bcs12257,Grade Dispute,2026-09-16 03:41:33,Done
24bcs10390,Grade Dispute,2026-08-21 23:01:08,Done
24bcs11154,Grade Dispute,2026-08-08 02:20:12,Done
24bcs11918,Grade Dispute,2026-09-18 13:42:07,Done
24bcs12294,Grade Dispute,2026-09-12 13:02:34,Done
24bcs10848,Grade Dispute,2026-09-06 07:17:15,Done
24bcs11648,Grade Dispute,2026-09-16 09:03:58,Done
24bcs11819,PDC Issuance,2026-08-12 22:44:15,Done
24bcs12195,PDC Issuance,2026-08-08 12:13:30,Done
24bcs12378,PDC Issuance,2026-08-13 22:31:47,Done
24bcs11683,Grade Dispute,2026-08-04 01:06:20,Done
24bcs10428,Grade Dispute,2026-09-10 14:25:32,Done
24bcs10058,Credit Correction,2026-09-14 15:42:59,Done
24bcs10392,Grade Dispute,2026-08-07 16:49:00,Done
24bcs12169,Grade Dispute,2026-08-18 14:38:38,Done
24bcs11720,PDC Issuance,2026-08-07 14:01:37,Done
24bcs10487,PDC Issuance,2026-08-31 10:40:51,Done
24bcs10332,PDC Issuance,2026-08-14 00:26:06,Done
24bcs10212,PDC Issuance,2026-09-10 04:11:44,Done
24bcs10517,Credit Correction,2026-08-05 18:26:03,Done
24bcs12265,Credit Correction,2026-08-17 05:25:41,Done
24bcs11318,Grade Dispute,2026-08-28 19:57:53,Done
24bcs12180,PDC Issuance,2026-08-18 03:08:26,Done
24bcs12124,Credit Correction,2026-08-05 10:32:45,Done
24bcs11744,Credit Correction,2026-09-17 06:18:41,Done
24bcs10271,Credit Correction,2026-08-17 22:05:13,Done
24bcs10822,Grade Dispute,2026-08-06 14:11:29,Done
24bcs11802,Credit Correction,2026-09-01 04:20:24,Done
24bcs11281,Grade Dispute,2026-08-08 16:20:02,Done
24bcs11696,Credit Correction,2026-09-22 09:51:37,Done
24bcs12311,Grade Dispute,2026-09-20 01:33:44,Done
24bcs11457,PDC Issuance,2026-09-19 11:26:12,Done
24bcs12209,PDC Issuance,2026-09-18 08:28:54,Done
24bcs11383,Credit Correction,2026-08-06 01:39:34,Done
24bcs11116,Credit Correction,2026-09-10 08:25:21,Done
24bcs12476,PDC Issuance,2026-08-06 11:01:43,Done
24bcs10856,Credit Correction,2026-09-01 18:43:31,Done
24bcs12421,PDC Issuance,2026-09-14 06:44:50,Done
24bcs10337,Credit Correction,2026-08-27 04:00:58,Done
24bcs11690,Grade Dispute,2026-08-07 12:28:41,Done
24bcs11338,Grade Dispute,2026-08-22 16:43:48,Done
24bcs12365,Grade Dispute,2026-08-30 05:47:44,Done
24bcs10298,Grade Dispute,2026-09-06 14:38:25,Done
24bcs10659,Grade Dispute,2026-08-25 17:58:08,Done
24bcs11968,PDC Issuance,2026-08-13 18:34:36,Done
24bcs12063,PDC Issuance,2026-09-08 16:45:43,Done
24bcs10222,Grade Dispute,2026-09-07 09:40:44,Done
24bcs11924,PDC Issuance,2026-08-28 01:47:31,Done
24bcs10404,Grade Dispute,2026-08-06 19:31:53,Done
24bcs10148,PDC Issuance,2026-08-29 13:16:49,Done
24bcs10300,PDC Issuance,2026-08-08 02:34:55,Done
24bcs12351,Credit Correction,2026-08-30 11:15:22,Done
24bcs10277,Grade Dispute,2026-08-29 16:35:10,Done
24bcs10284,Credit Correction,2026-09-20 18:56:55,Done
24bcs10956,PDC Issuance,2026-08-22 12:39:28,Done
24bcs11105,Grade Dispute,2026-09-18 08:19:57,Done
24bcs10616,Grade Dispute,2026-08-21 05:25:55,Done
24bcs12263,PDC Issuance,2026-09-10 08:17:15,Done
24bcs10480,Grade Dispute,2026-09-23 15:43:57,Done
24bcs12458,Grade Dispute,2026-08-20 01:06:29,Done
24bcs11795,Grade Dispute,2026-08-15 12:41:05,Done
24bcs11799,Credit Correction,2026-08-10 05:36:53,Done
24bcs12383,PDC Issuance,2026-08-27 20:32:33,Done
24bcs11112,PDC Issuance,2026-08-23 04:02:25,Done
24bcs11962,PDC Issuance,2026-08-25 05:03:30,Done
24bcs11651,Grade Dispute,2026-08-11 07:44:46,Done
24bcs11780,Grade Dispute,2026-08-09 20:17:40,Done
24bcs12295,PDC Issuance,2026-08-24 22:39:15,Done
24bcs10754,Credit Correction,2026-09-15 22:17:59,Done
24bcs10340,PDC Issuance,2026-08-19 09:55:48,Done
24bcs10782,Grade Dispute,2026-08-24 20:51:42,Done
24bcs10293,PDC Issuance,2026-09-17 22:20:35,Done
24bcs11962,Grade Dispute,2026-09-17 15:41:03,Done
24bcs11307,Credit Correction,2026-08-15 14:09:51,Done
24bcs10134,Grade Dispute,2026-08-26 03:47:06,Done
24bcs10249,PDC Issuance,2026-08-11 01:00:55,Done
24bcs11653,Grade Dispute,2026-09-13 05:21:32,Done
24bcs10269,Grade Dispute,2026-08-16 01:54:29,Done
24bcs12332,Grade Dispute,2026-09-14 04:11:25,Done
24bcs12374,Credit Correction,2026-08-23 14:54:26,Done
24bcs11197,PDC Issuance,2026-08-09 08:54:55,Done
24bcs11328,PDC Issuance,2026-09-14 12:44:16,Done
24bcs10521,PDC Issuance,2026-09-09 11:15:53,Done
24bcs10637,Grade Dispute,2026-08-13 17:47:21,Done
24bcs10138,PDC Issuance,2026-09-02 19:58:36,Done
24bcs11336,PDC Issuance,2026-08-12 15:42:05,Done
24bcs12298,PDC Issuance,2026-09-17 11:47:50,Done
24bcs12262,PDC Issuance,2026-09-06 01:46:30,Done
24bcs12063,Grade Dispute,2026-08-31 12:45:02,Done
24bcs11780,Credit Correction,2026-09-20 23:49:39,Done
24bcs10163,Grade Dispute,2026-09-10 14:05:05,Done
24bcs12132,Grade Dispute,2026-09-13 05:55:54,Done
24bcs11373,PDC Issuance,2026-09-09 05:29:28,Done
24bcs11886,Grade Dispute,2026-08-29 18:42:58,Done
24bcs12190,Credit Correction,2026-08-30 19:07:49,Done
24bcs10908,PDC Issuance,2026-08-27 10:56:48,Done
24bcs12127,Credit Correction,2026-08-19 08:44:06,Done
24bcs10612,Credit Correction,2026-09-06 01:28:59,Done
24bcs11887,Credit Correction,2026-09-14 14:21:52,Done
24bcs10869,PDC Issuance,2026-08-29 08:28:31,Done
24bcs12070,PDC Issuance,2026-08-11 08:37:02,Done
24bcs10123,PDC Issuance,2026-08-10 01:26:28,Done
24bcs10039,Grade Dispute,2026-09-02 08:21:38,Done
24bcs12488,Credit Correction,2026-09-08 21:26:29,Done
24bcs11644,Credit Correction,2026-09-22 00:52:16,Done
24bcs11028,Credit Correction,2026-08-08 09:07:59,Done
24bcs10637,PDC Issuance,2026-08-03 01:54:40,Done
24bcs10378,Grade Dispute,2026-09-19 14:04:34,Done
24bcs10082,Grade Dispute,2026-09-07 18:24:21,Done
24bcs11892,Credit Correction,2026-09-02 10:16:40,Done
24bcs11494,Credit Correction,2026-08-12 08:11:41,Done
24bcs11536,Credit Correction,2026-08-22 18:48:36,Done
24bcs11114,Grade Dispute,2026-08-16 13:07:23,Done
24bcs10449,Credit Correction,2026-08-11 03:04:37,Done
24bcs12019,PDC Issuance,2026-08-29 17:28:39,Done
24bcs12400,PDC Issuance,2026-09-10 10:48:59,Done
24bcs11732,Credit Correction,2026-08-24 07:34:24,Done
24bcs11839,Grade Dispute,2026-08-20 08:20:55,Done
24bcs11117,Credit Correction,2026-08-12 19:56:37,Done
24bcs10211,PDC Issuance,2026-08-22 03:30:53,Done
24bcs10954,Grade Dispute,2026-09-09 12:46:33,Done
24bcs11690,Grade Dispute,2026-08-18 18:16:38,Done
24bcs10589,PDC Issuance,2026-08-30 19:18:32,Done
24bcs11254,PDC Issuance,2026-08-30 13:34:57,Done
24bcs10043,Credit Correction,2026-08-17 09:13:34,Done
24bcs10917,PDC Issuance,2026-08-20 04:38:07,Done
24bcs12333,Grade Dispute,2026-09-15 01:59:29,Done
24bcs12339,Grade Dispute,2026-08-09 04:11:54,Done
24bcs12254,PDC Issuance,2026-08-06 00:15:22,Done
24bcs11373,Grade Dispute,2026-08-15 03:38:24,Done
24bcs10767,Grade Dispute,2026-08-11 02:12:04,Done
24bcs11839,Credit Correction,2026-08-10 17:07:38,Done
24bcs10817,PDC Issuance,2026-09-18 11:00:38,Done
24bcs10032,Grade Dispute,2026-08-27 20:44:39,Done
24bcs11476,Credit Correction,2026-09-07 11:21:15,Done
24bcs12026,PDC Issuance,2026-08-17 11:49:22,Done
24bcs11629,Credit Correction,2026-08-13 18:00:28,Done
24bcs12213,Grade Dispute,2026-09-20 12:05:50,Done
24bcs10027,PDC Issuance,2026-08-14 19:52:41,Done
24bcs10698,PDC Issuance,2026-09-19 05:40:01,Done
24bcs11582,Credit Correction,2026-09-03 11:29:57,Done
24bcs11691,PDC Issuance,2026-08-16 13:04:23,Done
24bcs10837,Grade Dispute,2026-08-04 00:46:33,Done
24bcs10068,Credit Correction,2026-08-27 03:28:38,Done
24bcs11434,PDC Issuance,2026-09-09 16:50:04,Done
24bcs11448,Grade Dispute,2026-08-06 17:03:35,Done
24bcs10425,PDC Issuance,2026-09-03 00:30:08,Done
24bcs10769,Grade Dispute,2026-08-26 17:26:35,Done
24bcs11676,Credit Correction,2026-09-18 07:54:28,Done
24bcs10938,Grade Dispute,2026-08-08 07:29:55,Done
24bcs12230,Credit Correction,2026-08-17 14:04:35,Done
24bcs11215,Credit Correction,2026-09-19 01:04:23,Done
24bcs11235,Grade Dispute,2026-08-22 13:48:46,Done
24bcs12021,Credit Correction,2026-08-24 20:30:52,Done
24bcs10657,Credit Correction,2026-08-22 19:59:32,Done
24bcs11622,Grade Dispute,2026-08-28 16:16:10,Done
24bcs11215,Credit Correction,2026-08-07 16:16:57,Done
24bcs11960,Grade Dispute,2026-08-16 16:08:29,Done
24bcs11397,PDC Issuance,2026-09-03 05:02:44,Done
24bcs10168,Grade Dispute,2026-09-21 00:34:07,Done
24bcs10720,Grade Dispute,2026-09-06 14:43:09,Done
24bcs10048,PDC Issuance,2026-09-09 20:17:22,Done
24bcs11769,Grade Dispute,2026-09-08 01:46:38,Done
24bcs10683,Credit Correction,2026-08-29 16:55:33,Done
24bcs12183,PDC Issuance,2026-08-29 00:32:40,Done
24bcs10604,Grade Dispute,2026-09-07 22:15:55,Done
24bcs10147,Credit Correction,2026-08-24 16:44:41,Done
24bcs11969,Credit Correction,2026-08-23 16:20:19,Done
24bcs10971,Grade Dispute,2026-09-20 21:17:25,Done
24bcs12451,PDC Issuance,2026-08-21 04:15:31,Done
24bcs10294,Grade Dispute,2026-09-18 21:14:13,Done
24bcs11473,Credit Correction,2026-09-19 12:34:08,Done
24bcs11123,PDC Issuance,2026-08-21 17:33:13,Done
24bcs10214,Credit Correction,2026-08-27 12:05:31,Done
24bcs10778,Credit Correction,2026-09-03 17:39:30,Done
24bcs11954,Grade Dispute,2026-08-21 09:45:02,Done
24bcs11130,Credit Correction,2026-08-12 05:33:21,Done
24bcs10601,Grade Dispute,2026-08-23 06:10:10,Done
24bcs12036,PDC Issuance,2026-08-08 04:07:05,Done
24bcs12370,Credit Correction,2026-09-10 14:24:30,Done
24bcs10410,Credit Correction,2026-09-07 11:49:59,Done
24bcs12222,Grade Dispute,2026-08-05 18:25:23,Done
24bcs10385,PDC Issuance,2026-08-22 22:28:38,Done
24bcs11032,Credit Correction,2026-08-29 14:18:50,Done
24bcs11657,Grade Dispute,2026-08-29 15:28:53,Done
24bcs10958,Grade Dispute,2026-08-20 21:49:35,Done
24bcs11602,Grade Dispute,2026-08-09 00:36:40,Done
24bcs11642,Credit Correction,2026-08-13 20:51:39,Done
24bcs10179,PDC Issuance,2026-08-31 00:33:14,Done
24bcs11741,Grade Dispute,2026-08-06 14:41:43,Done
24bcs11887,Credit Correction,2026-08-05 10:58:58,Done
24bcs11382,Grade Dispute,2026-08-09 05:26:35,Done
24bcs10197,PDC Issuance,2026-08-07 14:26:12,Done
24bcs11596,PDC Issuance,2026-08-26 22:05:08,Done
24bcs11582,PDC Issuance,2026-09-17 19:00:32,Done
24bcs10106,PDC Issuance,2026-08-15 15:28:52,Done
24bcs10290,Credit Correction,2026-08-19 20:35:16,Done
24bcs12031,PDC Issuance,2026-08-09 23:35:32,Done
24bcs11043,Credit Correction,2026-09-19 11:14:02,Done
24bcs11148,Credit Correction,2026-08-10 14:10:25,Done
24bcs10496,Grade Dispute,2026-09-20 09:31:19,Done
24bcs10887,Grade Dispute,2026-08-11 08:37:41,Done
24bcs11267,Credit Correction,2026-08-09 11:58:33,Done
24bcs12480,Grade Dispute,2026-08-20 17:43:39,Done
24bcs12236,PDC Issuance,2026-08-12 14:42:26,Done
24bcs10848,Grade Dispute,2026-08-19 03:10:46,Done
24bcs11077,Credit Correction,2026-08-28 18:54:00,Done
24bcs10160,PDC Issuance,2026-08-30 13:43:07,Done
24bcs11213,Grade Dispute,2026-08-08 23:12:56,Done
24bcs12141,PDC Issuance,2026-08-12 03:41:47,Done
24bcs10990,PDC Issuance,2026-09-17 10:08:55,Done
24bcs12482,Grade Dispute,2026-09-21 11:25:24,Done
24bcs12148,Grade Dispute,2026-09-22 14:57:16,Done
24bcs10524,Credit Correction,2026-08-14 20:44:57,Done
24bcs11074,Grade Dispute,2026-09-04 11:24:39,Done
24bcs12241,Grade Dispute,2026-08-06 23:54:54,Done
24bcs10456,Credit Correction,2026-09-19 00:03:46,Done
24bcs10763,PDC Issuance,2026-09-15 11:38:16,Done
24bcs11110,Credit Correction,2026-09-14 15:35:42,Done
24bcs12057,PDC Issuance,2026-09-15 18:17:18,Done
24bcs10140,PDC Issuance,2026-09-03 11:00:55,Done
24bcs11102,Grade Dispute,2026-08-04 09:22:53,Done
24bcs11725,PDC Issuance,2026-08-21 06:49:07,Done
24bcs11193,Credit Correction,2026-08-17 15:04:22,Done
24bcs12171,PDC Issuance,2026-09-17 00:44:44,Done
24bcs10769,Grade Dispute,2026-08-30 22:38:22,Done
24bcs10143,Grade Dispute,2026-09-02 06:40:41,Done
24bcs11700,Grade Dispute,2026-08-13 16:33:24,Done
24bcs10756,PDC Issuance,2026-08-21 10:26:17,Done
24bcs10221,Grade Dispute,2026-08-07 14:06:21,Done
24bcs11517,PDC Issuance,2026-08-08 21:20:55,Done
24bcs10309,Credit Correction,2026-09-20 06:26:48,Done
24bcs12176,Grade Dispute,2026-08-30 06:59:27,Done
24bcs10727,PDC Issuance,2026-08-24 20:24:01,Done
24bcs10308,Grade Dispute,2026-09-12 03:51:49,Done
24bcs10468,Credit Correction,2026-08-05 04:10:29,Done
24bcs11690,PDC Issuance,2026-09-15 06:49:53,Done
24bcs11591,PDC Issuance,2026-09-02 01:50:49,Done
24bcs10361,PDC Issuance,2026-08-11 16:15:04,Done
24bcs10554,Credit Correction,2026-08-16 14:59:59,Done
24bcs11405,Credit Correction,2026-09-13 14:18:43,Done
24bcs11512,Credit Correction,2026-09-02 23:20:07,Done
24bcs11154,PDC Issuance,2026-08-08 08:52:09,Done
24bcs10172,PDC Issuance,2026-08-13 11:31:02,Done
24bcs10246,PDC Issuance,2026-09-01 04:05:19,Done
24bcs12193,Credit Correction,2026-08-20 05:59:21,Done
24bcs11679,Credit Correction,2026-08-09 02:28:23,Done
24bcs12297,Grade Dispute,2026-09-06 12:38:55,Done
24bcs10040,Credit Correction,2026-09-01 03:00:14,Done
24bcs12188,Grade Dispute,2026-08-30 13:28:55,Done
24bcs10722,Grade Dispute,2026-08-30 14:34:35,Done
24bcs10792,Credit Correction,2026-08-22 08:07:06,Done
24bcs11493,Grade Dispute,2026-08-27 00:38:17,Done
24bcs12166,Grade Dispute,2026-09-01 17:59:11,Done
24bcs11650,Grade Dispute,2026-08-22 01:37:07,Done
24bcs10028,Credit Correction,2026-08-29 23:02:23,Done
24bcs11611,Grade Dispute,2026-09-04 04:31:05,Done
24bcs10100,Grade Dispute,2026-08-30 06:47:53,Done
24bcs11161,PDC Issuance,2026-08-30 05:27:07,Done
24bcs11375,Grade Dispute,2026-08-13 05:07:46,Done
24bcs10338,Grade Dispute,2026-09-12 06:28:06,Done
24bcs11794,PDC Issuance,2026-09-17 20:06:26,Done
24bcs10273,Credit Correction,2026-08-29 14:29:41,Done
24bcs10659,PDC Issuance,2026-08-24 00:26:10,Done
24bcs12082,Grade Dispute,2026-09-23 21:07:12,Done
24bcs12119,Grade Dispute,2026-09-03 02:09:04,Done
24bcs12414,Grade Dispute,2026-09-06 20:55:24,Done
24bcs10559,Credit Correction,2026-09-04 05:19:35,Done
24bcs11200,Grade Dispute,2026-09-09 05:05:47,Done
24bcs12110,PDC Issuance,2026-08-17 14:47:24,Done
24bcs10325,PDC Issuance,2026-08-21 09:09:12,Done
24bcs11363,Grade Dispute,2026-08-11 11:21:50,Done
24bcs10072,PDC Issuance,2026-08-18 11:44:38,Done
24bcs11297,Credit Correction,2026-08-13 07:02:35,Done
24bcs10172,PDC Issuance,2026-08-22 15:19:37,Done
24bcs10105,PDC Issuance,2026-09-06 11:49:16,Done
24bcs11620,Grade Dispute,2026-09-02 21:58:39,Done
24bcs12324,Grade Dispute,2026-08-09 12:39:50,Done
24bcs10115,Credit Correction,2026-08-24 04:27:58,Done
24bcs10966,Grade Dispute,2026-09-13 14:24:53,Done
24bcs10999,PDC Issuance,2026-08-21 16:13:34,Done
24bcs12238,Grade Dispute,2026-08-26 23:09:34,Done
24bcs10441,Credit Correction,2026-08-19 22:06:03,Done
24bcs12137,Grade Dispute,2026-08-02 05:38:42,Done
24bcs10882,Credit Correction,2026-08-23 10:44:29,Done
24bcs10704,Credit Correction,2026-08-31 08:32:09,Done
24bcs11855,Grade Dispute,2026-09-02 17:49:06,Done
24bcs12348,Credit Correction,2026-09-04 11:45:57,Done
24bcs11593,Grade Dispute,2026-08-17 00:36:31,Done
24bcs10680,Grade Dispute,2026-09-20 09:49:54,Done
24bcs11595,Grade Dispute,2026-08-14 05:49:24,Done
24bcs12041,PDC Issuance,2026-09-12 03:25:56,Done
24bcs10146,PDC Issuance,2026-08-03 22:24:20,Done
24bcs10480,Credit Correction,2026-09-15 04:29:38,Done
24bcs10430,PDC Issuance,2026-08-21 10:34:20,Done
24bcs12457,Credit Correction,2026-09-02 14:17:11,Done
24bcs12348,Grade Dispute,2026-08-26 03:41:23,Done
24bcs10745,Credit Correction,2026-09-06 09:37:03,Done
24bcs12086,Credit Correction,2026-08-13 03:06:27,Done
24bcs10056,Grade Dispute,2026-09-07 10:07:54,Done
24bcs10015,Grade Dispute,2026-08-26 18:25:22,Done
24bcs11475,Grade Dispute,2026-08-23 18:14:22,Done
24bcs11153,PDC Issuance,2026-09-15 11:53:16,Done
24bcs10872,PDC Issuance,2026-08-07 00:50:19,Done
24bcs10317,Grade Dispute,2026-09-17 02:00:34,Done
24bcs12329,PDC Issuance,2026-09-12 07:36:10,Done
24bcs10908,Credit Correction,2026-08-30 11:45:41,Done
24bcs11697,PDC Issuance,2026-09-05 13:07:13,Done
24bcs10954,Credit Correction,2026-09-04 03:36:53,Done
24bcs11036,Credit Correction,2026-08-20 14:37:55,Done
24bcs11387,Credit Correction,2026-08-12 13:33:12,Done
24bcs11260,Credit Correction,2026-09-06 07:01:19,Done
24bcs12430,PDC Issuance,2026-08-05 02:00:51,Done
24bcs11883,Credit Correction,2026-09-02 13:08:20,Done
24bcs10129,PDC Issuance,2026-08-31 18:26:49,Done
24bcs11772,PDC Issuance,2026-09-11 10:06:47,Done
24bcs10065,Credit Correction,2026-09-07 02:28:24,Done
24bcs11057,PDC Issuance,2026-08-21 18:32:32,Done
24bcs11990,Grade Dispute,2026-09-20 10:48:13,Done
24bcs10383,Credit Correction,2026-08-03 11:00:19,Done
24bcs12137,Credit Correction,2026-08-13 19:46:19,Done
24bcs11782,Grade Dispute,2026-08-21 18:57:20,Done
24bcs10639,Grade Dispute,2026-08-19 09:22:34,Done
24bcs10460,Grade Dispute,2026-09-21 09:23:51,Done
24bcs12406,PDC Issuance,2026-09-12 11:42:49,Done
24bcs11076,Credit Correction,2026-09-01 16:28:43,Done
24bcs10073,Credit Correction,2026-08-23 08:05:09,Done
24bcs12393,Credit Correction,2026-09-07 15:54:08,Done
24bcs10950,Grade Dispute,2026-08-28 09:06:50,Done
24bcs10406,Grade Dispute,2026-08-07 09:20:26,Done
24bcs10107,PDC Issuance,2026-09-20 06:01:38,Done
24bcs10366,Grade Dispute,2026-09-01 02:08:29,Done
24bcs11713,PDC Issuance,2026-08-10 02:39:37,Done
24bcs10330,PDC Issuance,2026-08-17 22:58:21,Done
24bcs11443,Grade Dispute,2026-08-30 06:04:40,Done
24bcs11101,Grade Dispute,2026-08-29 08:19:49,Done
24bcs11983,Credit Correction,2026-09-14 20:44:48,Done
24bcs12426,PDC Issuance,2026-08-22 06:53:03,Done
24bcs10492,PDC Issuance,2026-09-05 15:49:09,Done
24bcs10641,Grade Dispute,2026-08-29 11:21:25,Done
24bcs12019,PDC Issuance,2026-09-06 00:36:45,Done
24bcs10142,PDC Issuance,2026-08-23 10:44:43,Done
24bcs11403,PDC Issuance,2026-09-08 04:40:32,Done
24bcs11680,Credit Correction,2026-09-18 00:45:03,Done
24bcs11716,PDC Issuance,2026-09-16 23:25:58,Done
24bcs12179,Grade Dispute,2026-08-20 17:56:20,Done
24bcs10105,Grade Dispute,2026-08-10 06:06:19,Done
24bcs10059,PDC Issuance,2026-09-15 23:23:41,Done
24bcs10446,Credit Correction,2026-08-17 14:59:50,Done
24bcs12000,PDC Issuance,2026-08-28 23:44:56,Done
24bcs10958,Grade Dispute,2026-08-22 22:57:52,Done
24bcs11333,Credit Correction,2026-08-07 21:38:23,Done
24bcs10991,Credit Correction,2026-09-09 16:07:12,Done
24bcs10238,Grade Dispute,2026-08-17 12:52:48,Done
24bcs11174,PDC Issuance,2026-09-13 10:31:14,Done
24bcs10929,PDC Issuance,2026-08-13 17:27:30,Done
24bcs10056,Credit Correction,2026-08-16 20:10:09,Done
24bcs10002,Credit Correction,2026-08-29 21:11:16,Done
24bcs11513,PDC Issuance,2026-08-06 15:35:14,Done
24bcs10616,Credit Correction,2026-09-16 18:53:03,Done
24bcs10983,Credit Correction,2026-09-07 07:07:53,Done
24bcs11074,PDC Issuance,2026-08-27 12:50:51,Done
24bcs11908,Grade Dispute,2026-08-13 09:50:42,Done
24bcs11305,Grade Dispute,2026-08-23 03:47:00,Done
24bcs11528,Credit Correction,2026-08-06 17:57:39,Done
24bcs11776,Credit Correction,2026-09-05 00:44:07,Done
24bcs10490,PDC Issuance,2026-08-30 01:34:49,Done
24bcs10793,Credit Correction,2026-08-16 14:48:23,Done
24bcs10349,PDC Issuance,2026-09-05 15:48:27,Done
24bcs10244,Grade Dispute,2026-08-13 07:59:56,Done
24bcs11178,PDC Issuance,2026-08-29 17:20:00,Done
24bcs11187,Credit Correction,2026-08-22 02:38:17,Done
24bcs11726,Credit Correction,2026-08-27 11:41:10,Done
24bcs10367,Grade Dispute,2026-09-21 18:31:10,Done
24bcs10757,PDC Issuance,2026-09-05 19:32:40,Done
24bcs10921,Grade Dispute,2026-08-31 08:07:11,Done
24bcs11486,PDC Issuance,2026-08-21 02:39:47,Done
24bcs12301,Grade Dispute,2026-09-04 01:05:29,Done
24bcs11480,PDC Issuance,2026-09-19 01:26:57,Done
24bcs10181,Grade Dispute,2026-08-30 22:14:10,Done
24bcs12493,Credit Correction,2026-09-07 21:14:02,Done
24bcs12038,Grade Dispute,2026-09-10 21:02:24,Done
24bcs11911,Credit Correction,2026-08-07 23:27:09,Done
24bcs11692,Grade Dispute,2026-08-16 10:36:24,Done
24bcs10727,Credit Correction,2026-08-25 20:09:25,Done
24bcs12132,Grade Dispute,2026-09-18 17:17:46,Done
24bcs10533,Credit Correction,2026-08-28 17:04:29,Done
24bcs10502,Credit Correction,2026-08-31 05:59:09,Done
24bcs12293,PDC Issuance,2026-08-28 19:40:05,Done
24bcs10781,Credit Correction,2026-09-12 08:50:40,Done
24bcs10106,PDC Issuance,2026-08-15 22:47:01,Done
24bcs11115,Grade Dispute,2026-09-10 09:13:32,Done
24bcs11754,Grade Dispute,2026-08-12 09:17:27,Done
24bcs11706,Credit Correction,2026-09-02 02:14:00,Done
24bcs12265,Grade Dispute,2026-08-06 03:35:20,Done
24bcs10387,PDC Issuance,2026-09-20 16:27:04,Done
24bcs10035,PDC Issuance,2026-09-17 01:32:49,Done
24bcs11366,Credit Correction,2026-08-20 20:37:21,Done
24bcs11041,Credit Correction,2026-08-12 08:09:39,Done
24bcs10519,PDC Issuance,2026-08-23 10:37:41,Done
24bcs11026,Credit Correction,2026-09-22 13:30:57,Done
24bcs11310,Credit Correction,2026-08-18 19:00:29,Done
24bcs10849,Grade Dispute,2026-09-10 12:13:19,Done
24bcs12408,Grade Dispute,2026-08-19 07:25:36,Done
24bcs10593,Grade Dispute,2026-09-20 17:00:09,Done
24bcs10882,PDC Issuance,2026-08-13 02:47:58,Done
24bcs11942,Grade Dispute,2026-09-04 18:31:03,Done
24bcs12009,Credit Correction,2026-09-08 22:42:44,Done
24bcs10079,Grade Dispute,2026-09-13 18:05:55,Done
24bcs11096,Grade Dispute,2026-08-16 21:55:38,Done
24bcs10128,Grade Dispute,2026-08-05 01:01:03,Done
24bcs10595,Credit Correction,2026-09-13 20:31:44,Done
24bcs11250,PDC Issuance,2026-09-19 16:11:37,Done
24bcs10231,PDC Issuance,2026-09-13 02:31:56,Done
24bcs11301,Credit Correction,2026-08-09 14:07:43,Done
24bcs12227,Grade Dispute,2026-09-05 02:26:37,Done
24bcs10712,Grade Dispute,2026-08-30 10:03:49,Done
24bcs10076,Credit Correction,2026-08-09 13:13:06,Done
24bcs11633,Grade Dispute,2026-08-11 19:07:38,Done
24bcs11466,Grade Dispute,2026-08-04 02:02:29,Done
24bcs12284,Credit Correction,2026-09-10 13:34:54,Done
24bcs12500,Grade Dispute,2026-09-12 22:07:54,Done
24bcs11616,Credit Correction,2026-09-04 08:18:58,Done
24bcs10685,Credit Correction,2026-08-13 22:01:39,Done
24bcs11901,Grade Dispute,2026-08-22 23:44:19,Done
24bcs11534,Grade Dispute,2026-08-07 02:31:51,Done
24bcs11262,Credit Correction,2026-08-24 12:11:53,Done
24bcs10093,Grade Dispute,2026-08-08 16:17:15,Done
24bcs10025,Credit Correction,2026-08-19 03:37:17,Done
24bcs10420,Grade Dispute,2026-08-10 11:27:27,Done
24bcs10162,Credit Correction,2026-08-24 19:26:20,Done
24bcs11030,Credit Correction,2026-09-11 00:29:35,Done
24bcs12237,Grade Dispute,2026-08-23 22:24:36,Done
24bcs12214,PDC Issuance,2026-08-13 16:35:20,Done
24bcs12011,PDC Issuance,2026-09-21 17:42:07,Done
24bcs10275,PDC Issuance,2026-09-11 01:10:47,Done
24bcs12027,Credit Correction,2026-09-11 20:40:24,Done
24bcs10319,Credit Correction,2026-08-31 13:17:00,Done
24bcs10022,Credit Correction,2026-08-27 03:57:15,Done
24bcs11528,Credit Correction,2026-08-16 09:33:51,Done
24bcs12052,Grade Dispute,2026-09-01 12:27:27,Done
24bcs10547,Grade Dispute,2026-08-24 23:46:37,Done
24bcs11027,PDC Issuance,2026-08-14 12:37:35,Done
24bcs11508,Grade Dispute,2026-09-05 16:30:05,Done
24bcs10845,Grade Dispute,2026-08-30 13:41:47,Done
24bcs10073,Grade Dispute,2026-08-13 19:08:04,Done
24bcs10357,Grade Dispute,2026-09-03 04:51:14,Done
24bcs10800,Credit Correction,2026-09-02 14:05:16,Done
24bcs10584,Credit Correction,2026-09-21 20:00:21,Done
24bcs11254,PDC Issuance,2026-09-02 06:04:38,Done
24bcs11169,Credit Correction,2026-08-18 18:14:03,Done
24bcs10903,PDC Issuance,2026-08-22 17:07:09,Done
24bcs11560,Credit Correction,2026-08-04 09:53:48,Done
